Name,Age,Gender,Education,Experience,Job_Title,City,Industry,Salary (INR),Marital_Status
Yakshit Bandi,57,Male,Bachelor,9,UI/UX Designer,Pune,Manufacturing,656192,Married
Jayesh Buch,42,Male,PhD,16,DevOps Engineer,Chennai,Telecom,1234761,Married
Yuvaan Sodhi,25,Other,Master,0,Web Developer,Mumbai,Manufacturing,615420,Married
Emir Thakkar,41,Other,Bachelor,16,DevOps Engineer,Delhi,Manufacturing,831291,Single
Taimur Wali,40,Other,PhD,13,Data Scientist,Bangalore,Retail,1233217,Married
Jayesh Khare,27,Other,Bachelor,1,ML Engineer,Kolkata,Finance,393066,Married
Anahi Bawa,42,Other,Master,10,Software Engineer,Kolkata,Retail,806707,Married
Yashvi Taneja,25,Male,Master,3,DevOps Engineer,Ahmedabad,Manufacturing,686754,Married
Pari Barad,49,Female,Diploma,25,ML Engineer,Hyderabad,Finance,1028374,Married
Umang Kamdar,55,Female,PhD,5,Backend Developer,Hyderabad,Retail,889232,Single
Baiju Sampath,32,Female,Master,0,Software Engineer,Kolkata,Manufacturing,612288,Married
Advika Zachariah,40,Female,Bachelor,10,Backend Developer,Kolkata,IT,632137,Single
Shaan Manda,22,Female,Bachelor,0,Software Engineer,Mumbai,Retail,414268,Single
Shaan Borde,39,Female,PhD,15,ML Engineer,Ahmedabad,Healthcare,1246169,Married
Emir Gola,23,Male,Master,1,Frontend Developer,Delhi,Telecom,666590,Single
Armaan Rajan,31,Female,Master,10,Backend Developer,Pune,Healthcare,859606,Married
Madhup Saxena,53,Female,Diploma,32,ML Engineer,Bangalore,Finance,1186344,Married
Uthkarsh Shanker,35,Other,Bachelor,3,ML Engineer,Mumbai,IT,480076,Married
Ira Gour,56,Other,Bachelor,23,UI/UX Designer,Ahmedabad,Finance,943780,Single
Shaan Kara,48,Female,Bachelor,27,Backend Developer,Delhi,Healthcare,1082083,Married
Prisha Thaman,37,Male,Bachelor,3,Frontend Developer,Mumbai,Healthcare,483276,Married
Ivana Joshi,35,Male,Master,3,Web Developer,Kolkata,Education,621406,Married
Himmat Devan,55,Female,Master,24,Frontend Developer,Bangalore,IT,1175863,Married
Suhana Buch,36,Female,Master,13,HR Manager,Kolkata,Retail,838673,Single
Hrishita Agrawal,51,Other,Diploma,0,Data Scientist,Pune,Telecom,213409,Married
Devansh D’Alia,51,Male,Master,22,DevOps Engineer,Pune,Telecom,1202437,Single
Aarush Sehgal,39,Female,Bachelor,15,Business Analyst,Mumbai,Healthcare,782679,Married
Darshit Bath,34,Other,Bachelor,10,Data Scientist,Pune,IT,682800,Married
Mannat Din,49,Female,Bachelor,5,ML Engineer,Kolkata,Healthcare,602491,Single
Jayant Buch,52,Other,Master,13,ML Engineer,Hyderabad,Telecom,984601,Single
Indrajit Tripathi,25,Female,Diploma,3,Data Scientist,Hyderabad,Telecom,327022,Single
Hrishita Hans,45,Male,Bachelor,1,ML Engineer,Delhi,Retail,434011,Married
Sara Contractor,58,Other,Bachelor,29,Backend Developer,Pune,Retail,1109864,Single
Romil Gola,29,Male,Bachelor,6,Web Developer,Pune,Retail,510502,Single
Aaina Virk,33,Female,Master,0,Business Analyst,Delhi,Manufacturing,615279,Single
Alia Virk,37,Other,PhD,3,Data Analyst,Ahmedabad,IT,829842,Single
Zaina Talwar,50,Other,Diploma,22,UI/UX Designer,Bangalore,Retail,716133,Single
Rasha Dyal,51,Other,Bachelor,25,Backend Developer,Kolkata,Finance,1097835,Single
Nayantara Devi,57,Other,Master,33,ML Engineer,Kolkata,Manufacturing,1647610,Married
Keya Kara,49,Male,Master,12,Data Scientist,Delhi,Retail,995009,Married
Vivaan Khosla,29,Male,Bachelor,8,Project Manager,Chennai,Healthcare,661125,Married
Mehul Baral,30,Male,Master,9,Data Scientist,Pune,Telecom,824701,Single
Veer Uppal,52,Other,Master,0,HR Manager,Mumbai,Manufacturing,623191,Single
Alia Sachdev,25,Female,Bachelor,2,Business Analyst,Pune,Retail,447698,Single
Hazel Kannan,57,Female,Bachelor,23,Software Engineer,Bangalore,Telecom,920433,Married
Indrajit Baria,51,Male,Bachelor,30,Web Developer,Ahmedabad,Finance,996931,Single
Ishaan Bala,21,Male,Diploma,0,Backend Developer,Delhi,Telecom,174320,Single
Lakshay Sangha,60,Male,Bachelor,23,ML Engineer,Kolkata,Retail,1159045,Single
Kiaan Aurora,32,Female,Bachelor,3,Frontend Developer,Hyderabad,Finance,435511,Married
Anika Saha,40,Other,Bachelor,12,Frontend Developer,Mumbai,Education,723678,Single
Indrans Contractor,37,Male,Bachelor,5,Data Analyst,Mumbai,Retail,554248,Single
Ivan Doctor,43,Other,Bachelor,14,Data Scientist,Bangalore,IT,817822,Married
Mamooty Seth,28,Other,Bachelor,5,Data Scientist,Hyderabad,Manufacturing,503652,Married
Jhanvi Sabharwal,51,Female,Master,23,Software Engineer,Mumbai,Telecom,1180627,Single
Advik Kumer,29,Other,PhD,5,Data Scientist,Pune,Healthcare,962624,Married
Lakshit Sodhi,25,Other,Bachelor,3,Business Analyst,Kolkata,IT,522463,Married
Veer Venkataraman,30,Female,Bachelor,9,Backend Developer,Hyderabad,IT,587632,Married
Jayan Mannan,50,Female,Master,2,DevOps Engineer,Hyderabad,Retail,697052,Married
Taimur Kunda,46,Other,Master,14,Web Developer,Mumbai,IT,897790,Single
Samiha Mane,43,Female,Bachelor,4,Frontend Developer,Delhi,IT,482918,Single
Nehmat Bhakta,60,Other,Bachelor,13,HR Manager,Ahmedabad,Telecom,665474,Single
Tara Ganguly,44,Female,Bachelor,19,DevOps Engineer,Chennai,IT,924143,Single
Mohanlal Sani,33,Female,Master,9,DevOps Engineer,Pune,Manufacturing,817030,Married
Ojas Saraf,27,Female,Master,1,Software Engineer,Ahmedabad,Retail,639701,Married
Dhruv Shenoy,37,Male,PhD,5,HR Manager,Delhi,IT,902348,Single
Eshani Dass,26,Other,Bachelor,4,Frontend Developer,Ahmedabad,IT,469355,Married
Faiyaz Borde,26,Female,Master,2,UI/UX Designer,Delhi,Finance,618956,Married
Jayesh Chadha,35,Male,Master,12,Project Manager,Mumbai,Retail,1033210,Single
Eshani Dara,50,Other,Bachelor,11,HR Manager,Bangalore,Education,634960,Single
Aaina Edwin,38,Female,PhD,11,UI/UX Designer,Hyderabad,IT,1082691,Married
Sahil Ramanathan,33,Male,Bachelor,9,Data Analyst,Ahmedabad,Education,604310,Single
Anay Sha,26,Other,Bachelor,0,Data Analyst,Delhi,Education,421378,Single
Pihu Sidhu,24,Male,Bachelor,3,Web Developer,Ahmedabad,Retail,412569,Single
Nakul Keer,34,Male,Bachelor,11,Business Analyst,Chennai,Telecom,706759,Married
Pranay Yogi,27,Other,Master,3,Data Analyst,Hyderabad,Retail,641979,Married
Samar Banik,52,Male,Master,0,Business Analyst,Ahmedabad,Healthcare,614426,Single
Rohan Mandal,54,Male,Master,24,Data Analyst,Mumbai,Retail,1100603,Married
Siya Grewal,31,Other,Bachelor,5,Frontend Developer,Chennai,Retail,498388,Married
Mishti Sagar,49,Male,Master,24,HR Manager,Delhi,Manufacturing,1147779,Single
Tushar Bhardwaj,45,Male,Master,2,Data Scientist,Kolkata,Finance,648708,Single
Arhaan Savant,56,Male,Bachelor,10,Web Developer,Bangalore,Telecom,601651,Married
Rohan Apte,44,Female,Master,19,UI/UX Designer,Ahmedabad,Finance,1012691,Single
Divij Sekhon,39,Male,Bachelor,18,DevOps Engineer,Delhi,IT,858171,Single
Mannat Dass,40,Female,Bachelor,5,Frontend Developer,Pune,Telecom,541109,Married
Miraan Bobal,52,Other,Diploma,5,Web Developer,Ahmedabad,Finance,323005,Married
Armaan Subramanian,40,Female,Master,11,Business Analyst,Chennai,Manufacturing,897075,Single
Miraya Sachar,54,Male,Bachelor,6,HR Manager,Hyderabad,Finance,557794,Married
Eva Vora,52,Other,Bachelor,5,Web Developer,Delhi,Healthcare,491363,Single
Jiya Chana,33,Female,PhD,6,UI/UX Designer,Bangalore,IT,910029,Married
Kanav Bhatt,60,Other,PhD,7,Business Analyst,Kolkata,Telecom,961412,Married
Oorja Chawla,59,Female,Bachelor,13,Backend Developer,Kolkata,Finance,776800,Married
Bhamini Brar,34,Other,Master,12,Frontend Developer,Hyderabad,Healthcare,840305,Single
Madhup Master,32,Other,PhD,6,Project Manager,Pune,Retail,1053965,Single
Jayant Warrior,44,Other,Diploma,21,Project Manager,Delhi,Retail,924445,Single
Onkar Bajwa,22,Female,Master,0,Business Analyst,Kolkata,IT,566495,Married
Shray Som,51,Other,Diploma,25,DevOps Engineer,Ahmedabad,Education,878277,Single
Madhav Sankaran,57,Female,Master,33,ML Engineer,Pune,Education,1616752,Married
Nehmat Sethi,31,Male,Bachelor,2,HR Manager,Hyderabad,IT,433279,Married
Kavya Rastogi,51,Female,Bachelor,15,Web Developer,Hyderabad,Telecom,673210,Single
Tejas Kata,51,Other,Master,12,Web Developer,Kolkata,Retail,883056,Married
Nirvaan Sachar,53,Other,Bachelor,25,Frontend Developer,Bangalore,Education,967434,Married
Anika Sama,25,Female,Bachelor,2,Backend Developer,Hyderabad,Healthcare,434615,Single
Shlok Tripathi,52,Other,Diploma,29,HR Manager,Delhi,IT,858390,Single
Siya Chahal,27,Other,Master,0,ML Engineer,Mumbai,Healthcare,620926,Single
Prerak Mand,50,Female,Master,1,Project Manager,Bangalore,IT,621879,Married
Nehmat Kannan,51,Male,Diploma,20,Project Manager,Mumbai,Manufacturing,904138,Married
Riya Vohra,35,Female,Bachelor,7,Software Engineer,Pune,Education,531829,Single
Prisha Gandhi,55,Male,Bachelor,2,Data Scientist,Mumbai,IT,470375,Single
Ranbir Singh,58,Male,Bachelor,9,Project Manager,Hyderabad,Telecom,698108,Married
Akarsh Rama,27,Female,PhD,3,Data Scientist,Pune,Retail,841149,Single
Nehmat Dhingra,42,Male,Bachelor,19,Software Engineer,Hyderabad,Retail,837279,Married
Priyansh Luthra,43,Other,PhD,8,Business Analyst,Mumbai,Healthcare,978964,Single
Riya Sethi,60,Other,Master,27,Web Developer,Ahmedabad,Finance,1123481,Married
Ira Kunda,41,Other,Bachelor,14,Web Developer,Mumbai,IT,652868,Single
Nirvaan Bal,23,Female,Bachelor,1,Data Analyst,Kolkata,Education,419910,Single
Miraya Thakkar,37,Other,Master,10,Backend Developer,Chennai,Education,819838,Married
Anahi Bora,21,Female,Bachelor,0,Data Analyst,Mumbai,Healthcare,389601,Single
Yuvaan Mand,60,Other,Bachelor,30,Data Analyst,Delhi,Finance,1024151,Single
Chirag Kala,24,Female,Master,2,UI/UX Designer,Kolkata,Manufacturing,619230,Single
Emir Varma,49,Other,PhD,26,DevOps Engineer,Kolkata,Education,1571576,Single
Zoya Kanda,46,Female,Diploma,18,Web Developer,Delhi,Manufacturing,551171,Married
Oorja Bail,48,Male,PhD,9,Data Scientist,Delhi,Healthcare,1100769,Single
Charvi Dash,34,Other,Bachelor,12,Data Scientist,Pune,Manufacturing,722754,Married
Drishya Jha,54,Other,Master,9,Data Analyst,Hyderabad,IT,807957,Married
Saira Chada,42,Female,Diploma,4,Business Analyst,Kolkata,Finance,335101,Single
Seher Dua,33,Male,Master,0,Web Developer,Bangalore,Manufacturing,645963,Single
Himmat Bhardwaj,46,Male,Diploma,17,ML Engineer,Kolkata,Healthcare,743824,Married
Samaira Choudhry,32,Other,Bachelor,1,Data Analyst,Ahmedabad,Telecom,384777,Single
Dhruv Kapoor,44,Other,Bachelor,3,Project Manager,Bangalore,IT,507994,Single
Suhana Badami,27,Female,Master,6,Web Developer,Delhi,IT,700436,Married
Yuvaan Sachar,57,Other,Diploma,19,Web Developer,Chennai,Manufacturing,575503,Married
Navya Bhat,35,Male,Bachelor,3,UI/UX Designer,Delhi,Telecom,487193,Single
Kabir Venkatesh,54,Male,Bachelor,18,UI/UX Designer,Kolkata,Telecom,832351,Single
Anahi Konda,34,Male,Diploma,10,Backend Developer,Delhi,Finance,489214,Married
Indrajit Buch,44,Female,Bachelor,2,ML Engineer,Pune,Healthcare,440017,Married
Jivika Borah,58,Female,PhD,21,Frontend Developer,Delhi,Retail,1277360,Single
Faiyaz Ahuja,33,Female,Master,4,HR Manager,Mumbai,Manufacturing,707004,Married
Riya Dalal,44,Other,Bachelor,13,Web Developer,Mumbai,Telecom,678702,Married
Kiaan Bhargava,39,Other,Bachelor,17,Software Engineer,Mumbai,Retail,839830,Single
Yuvraj  Batta,40,Male,Bachelor,16,Web Developer,Bangalore,Healthcare,690801,Single
Lakshit Ramesh,56,Male,Bachelor,27,Project Manager,Ahmedabad,Retail,1290078,Single
Shayak Gole,55,Other,Bachelor,4,Backend Developer,Bangalore,Retail,515683,Married
Sahil Mahal,46,Male,Master,17,UI/UX Designer,Delhi,Retail,1008735,Single
Priyansh Issac,58,Other,Bachelor,2,Project Manager,Ahmedabad,Manufacturing,424647,Single
Eshani Randhawa,42,Male,Master,21,Software Engineer,Bangalore,Education,1109049,Married
Navya Subramaniam,26,Male,Bachelor,2,UI/UX Designer,Bangalore,Education,429885,Single
Hansh Rege,30,Female,Diploma,2,UI/UX Designer,Chennai,IT,238522,Single
Nayantara Rattan,27,Male,Bachelor,4,HR Manager,Kolkata,Healthcare,510329,Married
Anika Gaba,44,Female,Master,21,DevOps Engineer,Chennai,Manufacturing,1182016,Single
Kartik Sinha,57,Male,Bachelor,0,UI/UX Designer,Kolkata,Manufacturing,397884,Married
Aarav Chauhan,58,Male,Bachelor,23,Business Analyst,Ahmedabad,Education,982996,Married
Divij Kara,52,Male,Bachelor,17,Data Analyst,Bangalore,Healthcare,735792,Single
Anaya Char,40,Male,Bachelor,15,Backend Developer,Chennai,Finance,789101,Single
Advik Bhatnagar,30,Female,Master,6,Project Manager,Mumbai,Education,853330,Single
Khushi Randhawa,43,Other,Bachelor,7,Frontend Developer,Chennai,IT,588851,Married
Dhruv Arora,33,Other,PhD,12,Web Developer,Bangalore,Finance,1026763,Single
Vihaan Kamdar,38,Other,PhD,9,Project Manager,Kolkata,Finance,1064495,Married
Tarini Chaudhuri,34,Female,Bachelor,0,Data Scientist,Hyderabad,Manufacturing,395386,Married
Keya Samra,30,Male,Master,9,Data Scientist,Hyderabad,IT,861577,Married
Adah Sawhney,42,Male,PhD,8,HR Manager,Hyderabad,Telecom,990867,Single
Tiya Kala,32,Male,Bachelor,11,Web Developer,Hyderabad,Healthcare,651951,Married
Anay Barad,23,Male,Master,2,DevOps Engineer,Kolkata,Manufacturing,682161,Married
Indrans Doctor,56,Male,Bachelor,26,Business Analyst,Ahmedabad,Manufacturing,1101522,Single
Purab Bala,46,Female,Bachelor,14,Web Developer,Pune,Retail,685250,Single
Nirvaan Banerjee,51,Female,Diploma,9,Project Manager,Delhi,Retail,549063,Single
Lakshay Lalla,37,Male,Master,14,Software Engineer,Pune,IT,887759,Single
Zara Badal,29,Other,Master,2,HR Manager,Pune,Healthcare,600287,Single
Myra Chhabra,45,Female,Master,14,ML Engineer,Kolkata,Healthcare,1067307,Married
Himmat Dhar,56,Female,Master,24,Business Analyst,Ahmedabad,IT,1217751,Married
Nitara Shanker,25,Other,Bachelor,4,DevOps Engineer,Pune,Manufacturing,523005,Married
Stuvan Gour,31,Other,Bachelor,6,Data Analyst,Kolkata,Telecom,550373,Married
Anay Varughese,46,Female,Diploma,3,Software Engineer,Mumbai,Manufacturing,242184,Single
Dhanush Swamy,49,Male,Master,27,HR Manager,Bangalore,IT,1197023,Single
Aniruddh Bajwa,42,Other,Bachelor,11,ML Engineer,Delhi,Finance,709195,Married
Vedika Garg,54,Male,Bachelor,4,Data Analyst,Bangalore,Healthcare,489257,Single
Parinaaz Venkataraman,39,Other,Bachelor,4,HR Manager,Ahmedabad,Finance,449798,Single
Divit Dugal,44,Female,Bachelor,11,UI/UX Designer,Ahmedabad,Education,713943,Married
Mohanlal Krishna,30,Other,Diploma,8,UI/UX Designer,Pune,Telecom,438695,Single
Tanya Vasa,55,Other,Master,21,HR Manager,Delhi,Finance,1048681,Married
Riaan Jayaraman,41,Other,Bachelor,15,Business Analyst,Delhi,IT,818152,Married
Lavanya Raman,26,Male,Bachelor,4,Frontend Developer,Mumbai,Healthcare,533347,Married
Rasha Ram,35,Female,Master,1,UI/UX Designer,Chennai,Retail,601430,Single
Pranay Srivastava,23,Other,Master,1,ML Engineer,Ahmedabad,Telecom,644686,Single
Ela Choudhury,58,Female,Bachelor,31,Data Analyst,Pune,Manufacturing,1125944,Single
Rhea Walla,29,Female,Master,6,Software Engineer,Pune,Retail,740505,Single
Eshani Dara,35,Other,PhD,12,ML Engineer,Kolkata,Manufacturing,1152666,Single
Himmat Bera,38,Male,Bachelor,4,HR Manager,Hyderabad,Manufacturing,440296,Married
Suhana Tailor,43,Other,Diploma,12,DevOps Engineer,Kolkata,Education,504546,Single
Kimaya Bhavsar,24,Female,Bachelor,3,UI/UX Designer,Mumbai,Manufacturing,432655,Married
Nishith Chakraborty,54,Male,Bachelor,14,ML Engineer,Chennai,Manufacturing,824265,Married
Eshani Doctor,41,Other,PhD,8,HR Manager,Chennai,Telecom,1018959,Married
Romil Gala,49,Female,Bachelor,1,Business Analyst,Delhi,Manufacturing,422588,Married
Nishith Ghose,28,Other,PhD,1,ML Engineer,Ahmedabad,Education,868622,Married
Kimaya Uppal,58,Female,Bachelor,25,HR Manager,Pune,Telecom,953019,Single
Ritvik Jayaraman,23,Female,Diploma,0,Frontend Developer,Chennai,Education,240045,Single
Rati Dara,47,Male,Master,3,ML Engineer,Hyderabad,Education,671287,Married
Saira Sha,28,Male,Bachelor,7,Data Scientist,Kolkata,Education,572925,Married
Sahil Mandal,39,Female,Bachelor,6,UI/UX Designer,Ahmedabad,Education,510003,Married
Aayush Wadhwa,29,Male,Bachelor,4,Backend Developer,Pune,Manufacturing,462787,Married
Samar Kashyap,22,Female,PhD,1,Software Engineer,Kolkata,Manufacturing,836775,Married
Yakshit Kohli,38,Other,Master,12,ML Engineer,Mumbai,Manufacturing,942579,Single
Taran Kalla,22,Male,Bachelor,1,UI/UX Designer,Delhi,Finance,470440,Single
Jhanvi Soni,50,Male,Bachelor,0,ML Engineer,Bangalore,Telecom,417603,Single
Vivaan Venkatesh,44,Male,Bachelor,17,HR Manager,Mumbai,IT,800461,Married
Kavya Barad,56,Female,Bachelor,5,HR Manager,Mumbai,Telecom,551319,Married
Dhruv Hans,29,Female,Bachelor,6,HR Manager,Delhi,Finance,496154,Single
Jivika Randhawa,27,Male,Master,4,HR Manager,Delhi,Manufacturing,666883,Married
Raghav Varghese,50,Other,Bachelor,11,UI/UX Designer,Delhi,Finance,708477,Single
Charvi Bhattacharyya,48,Female,Bachelor,26,Data Analyst,Kolkata,IT,987869,Single
Heer Yohannan,43,Other,Bachelor,9,DevOps Engineer,Bangalore,Retail,621285,Married
Eshani Vig,46,Male,Master,13,HR Manager,Chennai,Healthcare,904044,Married
Jayesh Guha,46,Male,Master,9,Software Engineer,Hyderabad,Telecom,847702,Married
Nitara Chaudry,59,Other,Master,23,Data Scientist,Ahmedabad,Retail,1294436,Married
Dharmajan Hans,37,Other,Master,7,Project Manager,Chennai,Manufacturing,818851,Married
Saksham Roy,27,Male,Diploma,3,ML Engineer,Chennai,IT,320662,Single
Taimur Ratti,54,Female,Bachelor,28,Project Manager,Pune,Telecom,1332877,Single
Drishya Karan,28,Male,Master,4,Data Scientist,Hyderabad,IT,700464,Married
Khushi Shah,53,Female,Bachelor,8,Frontend Developer,Hyderabad,Manufacturing,629054,Married
Aniruddh Bahl,44,Male,Bachelor,5,Web Developer,Chennai,Finance,487789,Married
Hiran Wadhwa,55,Male,Bachelor,30,Data Scientist,Bangalore,Retail,1341433,Married
Amira Ahluwalia,26,Male,PhD,1,Backend Developer,Mumbai,Finance,787309,Married
Darshit Thakkar,45,Other,PhD,2,Software Engineer,Hyderabad,Manufacturing,798098,Single
Tushar Bhargava,55,Male,Bachelor,6,UI/UX Designer,Bangalore,Education,558294,Married
Onkar Banik,29,Male,Diploma,5,Data Analyst,Pune,Telecom,318919,Married
Saanvi Bassi,35,Other,Bachelor,13,Backend Developer,Hyderabad,Finance,718701,Married
Abram Dixit,48,Other,Bachelor,4,Data Analyst,Ahmedabad,Healthcare,516524,Single
Kimaya Chad,25,Male,Bachelor,0,ML Engineer,Delhi,Healthcare,443077,Married
Misha Goswami,52,Male,Bachelor,3,Data Scientist,Hyderabad,Retail,469481,Married
Dharmajan Subramaniam,44,Male,PhD,13,HR Manager,Hyderabad,Education,1082829,Married
Mohanlal Sengupta,25,Other,Master,1,ML Engineer,Delhi,IT,657646,Single
Ojas Dash,38,Female,Master,14,DevOps Engineer,Chennai,Manufacturing,998369,Married
Indrans Gade,44,Female,Master,13,DevOps Engineer,Kolkata,Finance,970970,Single
Prerak Sundaram,40,Female,Master,2,HR Manager,Ahmedabad,Telecom,629862,Single
Lakshay Chada,30,Female,Bachelor,2,Frontend Developer,Ahmedabad,Manufacturing,493570,Single
Pranay Chaudhry,28,Female,Bachelor,6,Frontend Developer,Hyderabad,Retail,499165,Single
Farhan Sehgal,33,Male,Master,11,Data Scientist,Ahmedabad,Education,920000,Single
Reyansh Ben,43,Male,PhD,9,Project Manager,Mumbai,Retail,1095648,Single
Nayantara Ramachandran,27,Male,Master,4,Data Analyst,Kolkata,Healthcare,657549,Married
Nakul Lata,21,Female,Bachelor,0,Project Manager,Chennai,Telecom,378044,Single
Prisha Thakur,23,Female,Bachelor,2,Frontend Developer,Mumbai,Finance,403520,Married
Nitya Chanda,52,Female,Diploma,25,ML Engineer,Pune,Manufacturing,989820,Married
Lakshit Mallick,45,Female,Bachelor,15,HR Manager,Kolkata,Education,744303,Married
Nayantara Brahmbhatt,23,Other,Master,1,HR Manager,Hyderabad,IT,615073,Married
Pari Borah,43,Female,Bachelor,3,Backend Developer,Bangalore,Education,456208,Single
Zeeshan Savant,44,Female,Master,4,DevOps Engineer,Bangalore,IT,698753,Married
Tejas Ramaswamy,23,Male,Master,0,Business Analyst,Ahmedabad,IT,636893,Single
Vidur Wali,42,Other,Bachelor,13,Frontend Developer,Mumbai,Education,719457,Married
Trisha Dhawan,42,Male,Bachelor,3,Frontend Developer,Delhi,Finance,471082,Married
Sahil Tandon,32,Male,Bachelor,3,Web Developer,Delhi,Healthcare,422204,Single
Onkar Chacko,33,Other,Diploma,7,Backend Developer,Bangalore,Retail,426956,Single
Adah Hora,57,Female,Master,24,Business Analyst,Chennai,Manufacturing,1252865,Single
Jivin Guha,41,Female,Master,8,Frontend Developer,Bangalore,Finance,791229,Single
Jivika Sibal,60,Female,Bachelor,15,HR Manager,Hyderabad,Education,750273,Married
Indrans Vaidya,39,Male,Bachelor,17,HR Manager,Chennai,IT,726801,Single
Fateh Sridhar,43,Other,Bachelor,5,Frontend Developer,Delhi,IT,524346,Married
Zaina Sengupta,45,Female,Bachelor,10,Web Developer,Bangalore,Manufacturing,565975,Single
Vaibhav Seshadri,32,Male,Master,11,Frontend Developer,Mumbai,Telecom,857855,Single
Ryan Kulkarni,26,Other,Bachelor,5,Frontend Developer,Ahmedabad,Retail,471308,Married
Kartik Kanda,46,Other,Bachelor,15,ML Engineer,Mumbai,Finance,864295,Single
Taimur Doctor,50,Male,PhD,25,HR Manager,Kolkata,Manufacturing,1331227,Single
Riaan Lad,33,Female,Diploma,10,Project Manager,Bangalore,Education,544466,Single
Riya Sathe,50,Other,Master,23,Data Scientist,Chennai,Telecom,1312916,Single
Yasmin Vaidya,29,Other,PhD,8,Data Scientist,Delhi,IT,1002778,Married
Vedika Kibe,49,Male,PhD,25,Data Scientist,Pune,Manufacturing,1541958,Married
Vanya Loyal,46,Female,Bachelor,23,Project Manager,Pune,Healthcare,1152009,Single
Dishani Dubey,44,Female,Bachelor,4,Data Analyst,Mumbai,Manufacturing,491999,Single
Damini Gokhale,50,Female,Bachelor,14,Software Engineer,Mumbai,Finance,767786,Married
Abram Dube,44,Other,Bachelor,14,Web Developer,Kolkata,Telecom,698235,Single
Kavya Gill,54,Male,Master,21,Frontend Developer,Mumbai,Retail,1118240,Single
Tiya Keer,29,Other,PhD,1,ML Engineer,Pune,Manufacturing,857656,Single
Hridaan Bains,58,Male,Bachelor,8,Software Engineer,Bangalore,Retail,565638,Single
Mahika Khare,41,Other,Master,10,Web Developer,Chennai,Education,820098,Married
Saanvi Chaudhari,34,Female,Master,12,Software Engineer,Delhi,Telecom,929960,Married
Himmat Dave,28,Other,PhD,5,ML Engineer,Ahmedabad,IT,949103,Married
Zain Kala,44,Other,Master,21,Web Developer,Chennai,Education,1015152,Married
Azad Deep,23,Male,Master,0,Software Engineer,Hyderabad,Telecom,604577,Single
Anvi Guha,32,Other,Bachelor,7,Business Analyst,Hyderabad,Retail,548062,Single
Rasha Kibe,57,Male,Master,0,HR Manager,Hyderabad,IT,630133,Single
Tushar Tandon,35,Female,Bachelor,9,Backend Developer,Ahmedabad,Retail,599986,Single
Taimur Bhandari,33,Male,Diploma,7,UI/UX Designer,Kolkata,IT,380275,Single
Lagan Krishnamurthy,52,Male,Bachelor,13,Backend Developer,Ahmedabad,Education,767258,Single
Abram Badal,57,Male,Bachelor,18,Project Manager,Hyderabad,Education,1020968,Single
Ritvik Dewan,52,Female,Bachelor,0,Frontend Developer,Mumbai,Finance,410036,Single
Madhav Garde,45,Other,Bachelor,17,Data Scientist,Chennai,Finance,936287,Single
Manikya Bahri,38,Other,Bachelor,10,Frontend Developer,Pune,Retail,598922,Married
Zara Butala,41,Other,Bachelor,17,Software Engineer,Kolkata,Finance,797586,Single
Himmat Soni,56,Other,PhD,11,Project Manager,Hyderabad,Education,1140270,Married
Kaira Tank,37,Female,Bachelor,2,DevOps Engineer,Mumbai,Education,411751,Married
Miraan Behl,51,Male,Bachelor,30,Business Analyst,Mumbai,Healthcare,1132903,Single
Samar Mander,30,Male,Bachelor,3,Software Engineer,Bangalore,IT,460519,Single
Hiran Bir,33,Other,Bachelor,5,Frontend Developer,Delhi,Telecom,516493,Single
Shray Loyal,48,Other,Bachelor,27,DevOps Engineer,Chennai,Telecom,1156827,Married
Aaryahi Kohli,32,Female,Bachelor,5,Backend Developer,Chennai,Education,499495,Married
Krish Dash,40,Male,Bachelor,0,UI/UX Designer,Ahmedabad,Finance,402804,Married
Yuvraj  Uppal,55,Other,Bachelor,27,UI/UX Designer,Bangalore,Manufacturing,1002190,Single
Reyansh Sinha,29,Female,Bachelor,0,ML Engineer,Bangalore,Telecom,370330,Married
Tejas Banerjee,32,Female,Diploma,11,Business Analyst,Mumbai,IT,452885,Married
Azad Rastogi,43,Female,Master,1,Software Engineer,Hyderabad,Finance,654653,Married
Saira Krish,43,Female,Master,7,ML Engineer,Delhi,Finance,830116,Married
Anahi Trivedi,27,Other,Bachelor,3,ML Engineer,Hyderabad,Healthcare,530154,Married
Trisha Kaul,46,Other,Master,25,HR Manager,Hyderabad,Manufacturing,1156766,Married
Nitara Rama,25,Other,Bachelor,2,HR Manager,Pune,IT,464500,Single
Mishti Kaur,41,Male,Bachelor,11,Frontend Developer,Mumbai,Education,638430,Single
Piya Gokhale,43,Male,Diploma,16,Data Analyst,Kolkata,Retail,536784,Married
Dharmajan Date,57,Other,Bachelor,34,ML Engineer,Pune,Healthcare,1501735,Married
Jiya Dhaliwal,33,Other,Master,11,Data Analyst,Delhi,IT,816569,Married
Tejas Dua,31,Male,Master,0,Backend Developer,Mumbai,Telecom,619927,Married
Miraan Hora,37,Female,Bachelor,2,Web Developer,Delhi,Education,447578,Married
Ishita Sabharwal,56,Other,Bachelor,33,Backend Developer,Chennai,Retail,1263196,Single
Divit Randhawa,41,Other,Bachelor,11,Project Manager,Bangalore,IT,814165,Single
Zara Chaudhuri,43,Male,Bachelor,21,Business Analyst,Hyderabad,Finance,905837,Single
Vivaan Agarwal,52,Female,Bachelor,20,UI/UX Designer,Delhi,Education,844347,Married
Taran Bail,38,Female,Diploma,14,Frontend Developer,Ahmedabad,Manufacturing,568655,Married
Pihu Deo,41,Other,Master,11,Business Analyst,Ahmedabad,Manufacturing,920766,Single
Prisha Khurana,30,Other,Master,7,Data Scientist,Ahmedabad,IT,834611,Single
Faiyaz Krishnan,25,Other,PhD,0,Backend Developer,Delhi,Healthcare,786077,Single
Lagan Chacko,31,Other,Bachelor,5,Software Engineer,Ahmedabad,Healthcare,522775,Married
Yakshit Seth,38,Male,Bachelor,6,Web Developer,Hyderabad,Education,519399,Single
Chirag Ranganathan,60,Male,Bachelor,39,Data Analyst,Chennai,IT,1241134,Single
Devansh Bose,21,Male,Diploma,0,Data Analyst,Mumbai,Retail,244662,Married
Romil Ratti,23,Male,Bachelor,2,DevOps Engineer,Ahmedabad,Manufacturing,413732,Married
Arnav Batra,54,Male,Bachelor,32,HR Manager,Delhi,Manufacturing,1099749,Single
Aarna Doshi,46,Female,Master,17,ML Engineer,Bangalore,Retail,1131608,Single
Biju Devi,47,Female,PhD,19,UI/UX Designer,Ahmedabad,IT,1218277,Married
Nirvaan Lad,47,Male,Bachelor,4,Web Developer,Ahmedabad,Healthcare,464265,Single
Alisha Dhar,55,Female,Master,28,Data Analyst,Chennai,Retail,1216081,Married
Zara Subramanian,29,Female,Bachelor,7,Backend Developer,Delhi,Retail,592176,Single
Arhaan Tella,46,Other,Master,10,Backend Developer,Pune,Manufacturing,909456,Single
Aaina Doshi,56,Other,Bachelor,5,Project Manager,Mumbai,IT,564350,Married
Aaina Aurora,21,Other,Bachelor,0,Frontend Developer,Delhi,IT,399285,Single
Kiaan Gara,48,Female,Bachelor,11,Business Analyst,Bangalore,Healthcare,658452,Single
Yuvraj  Raval,22,Other,PhD,0,Data Scientist,Mumbai,Healthcare,807506,Married
Heer Golla,51,Male,Bachelor,27,DevOps Engineer,Mumbai,Retail,1140498,Married
Anya Sabharwal,33,Male,Bachelor,8,Frontend Developer,Mumbai,Retail,545224,Single
Rati Jha,31,Male,Bachelor,2,UI/UX Designer,Hyderabad,Healthcare,398171,Married
Kismat Doctor,45,Other,Bachelor,22,Project Manager,Kolkata,Healthcare,1143423,Married
Kavya Rege,24,Male,Bachelor,1,Data Analyst,Delhi,Education,390223,Married
Mehul Kalla,36,Female,Master,8,HR Manager,Pune,Finance,734261,Married
Seher Rama,36,Female,Bachelor,6,Software Engineer,Pune,Retail,535817,Married
Bhavin Jayaraman,35,Male,Master,7,Software Engineer,Mumbai,Finance,753722,Married
Vivaan Tata,55,Male,Bachelor,28,Data Analyst,Chennai,Finance,1014012,Married
Biju Bhatt,40,Other,Bachelor,1,Business Analyst,Delhi,Finance,398480,Single
Heer Saraf,35,Male,Master,4,HR Manager,Delhi,Finance,697639,Married
Vardaniya Wason,42,Male,Bachelor,16,Software Engineer,Chennai,Healthcare,777876,Married
Shalv Vasa,45,Male,Diploma,0,Data Analyst,Hyderabad,Healthcare,232634,Married
Stuvan Aggarwal,25,Female,Master,3,Project Manager,Mumbai,Manufacturing,747931,Married
Trisha Bobal,45,Female,Master,13,Data Analyst,Chennai,Manufacturing,935783,Single
Faiyaz Bawa,31,Male,Bachelor,8,ML Engineer,Delhi,Manufacturing,685841,Married
Vaibhav Choudhary,30,Other,Bachelor,6,Backend Developer,Bangalore,Retail,522652,Single
Onkar Chawla,49,Female,PhD,3,Software Engineer,Pune,Retail,887628,Single
Shalv Krishnamurthy,29,Female,Bachelor,7,Software Engineer,Mumbai,IT,528011,Married
Farhan Brar,23,Female,Bachelor,0,Frontend Developer,Kolkata,Retail,364651,Single
Aarna Kala,41,Other,Master,11,Business Analyst,Mumbai,Healthcare,843615,Married
Hansh Zacharia,35,Male,Bachelor,5,HR Manager,Chennai,Education,492534,Married
Eva Wali,41,Female,PhD,20,Frontend Developer,Mumbai,IT,1281285,Married
Gokul Ratti,55,Other,Master,9,Business Analyst,Ahmedabad,Finance,845586,Married
Prisha Dhar,49,Male,Master,6,UI/UX Designer,Delhi,Finance,719398,Single
Kiaan Chowdhury,42,Male,Bachelor,16,Web Developer,Ahmedabad,Manufacturing,730289,Single
Himmat Batta,34,Male,Master,0,Software Engineer,Kolkata,Finance,566676,Single
Hrishita Barad,46,Male,Master,0,Software Engineer,Mumbai,Telecom,586947,Married
Lagan Jaggi,32,Other,Bachelor,4,DevOps Engineer,Kolkata,Retail,538429,Married
Saksham Sastry,48,Male,Master,20,Frontend Developer,Bangalore,Telecom,1103002,Single
Oorja Desai,59,Female,Master,20,HR Manager,Bangalore,Retail,1060133,Married
Heer Bora,42,Female,Master,9,HR Manager,Delhi,Education,767253,Married
Bhamini Hegde,33,Male,Bachelor,6,Data Scientist,Hyderabad,Finance,558293,Single
Tarini Grover,22,Male,Diploma,1,Frontend Developer,Mumbai,IT,203078,Married
Vihaan Kala,53,Other,Bachelor,20,ML Engineer,Mumbai,IT,1014106,Single
Ishaan Sood,23,Other,Bachelor,0,Business Analyst,Bangalore,Finance,367502,Single
Faiyaz Balay,46,Male,Master,13,Data Analyst,Bangalore,Telecom,927886,Married
Faiyaz Madan,46,Other,Bachelor,4,ML Engineer,Chennai,Retail,541082,Single
Ivana Behl,39,Other,Bachelor,15,Data Analyst,Chennai,IT,739840,Married
Kanav Desai,54,Male,Bachelor,3,ML Engineer,Ahmedabad,Education,526695,Single
Romil Kant,50,Female,Bachelor,9,ML Engineer,Kolkata,Telecom,682260,Married
Myra Chana,58,Male,Master,30,Software Engineer,Pune,Education,1283963,Married
Jhanvi Balakrishnan,52,Male,PhD,11,HR Manager,Ahmedabad,IT,992886,Single
Ahana  Sani,42,Female,Master,11,ML Engineer,Bangalore,Healthcare,925178,Married
Gokul Krish,57,Female,Master,11,Data Analyst,Ahmedabad,Finance,856196,Married
Ritvik Kakar,33,Other,Diploma,5,DevOps Engineer,Bangalore,Manufacturing,351578,Married
Aayush Madan,60,Female,Bachelor,10,Data Analyst,Chennai,Telecom,596582,Married
Aniruddh Dhaliwal,49,Male,Master,1,HR Manager,Chennai,IT,650290,Single
Rania Tella,52,Other,PhD,9,Data Scientist,Ahmedabad,Education,1050373,Married
Kanav Balasubramanian,34,Female,Bachelor,13,Project Manager,Kolkata,Healthcare,830710,Married
Saksham Arora,46,Male,Bachelor,15,ML Engineer,Hyderabad,Retail,908759,Married
Nitya Anne,36,Other,Master,5,ML Engineer,Delhi,Education,759230,Married
Indrans Kamdar,28,Other,PhD,7,ML Engineer,Ahmedabad,Telecom,1060540,Married
Onkar Som,54,Female,Bachelor,17,Project Manager,Mumbai,Manufacturing,972186,Single
Kiaan Bhargava,26,Female,Bachelor,5,Frontend Developer,Pune,Telecom,490563,Single
Aaryahi Kala,22,Other,Master,0,DevOps Engineer,Kolkata,Education,591188,Single
Badal Butala,27,Female,Bachelor,0,DevOps Engineer,Hyderabad,IT,365678,Single
Alia Varkey,60,Female,Bachelor,8,UI/UX Designer,Ahmedabad,Education,627217,Married
Abram Kala,35,Female,Master,4,HR Manager,Hyderabad,Finance,717798,Married
Reyansh Bora,24,Other,PhD,3,Backend Developer,Ahmedabad,Retail,906184,Single
Mamooty Madan,24,Female,Master,2,Web Developer,Hyderabad,IT,617361,Married
Biju Desai,57,Other,Bachelor,17,Frontend Developer,Chennai,Healthcare,844234,Married
Vardaniya Bahl,29,Male,PhD,5,HR Manager,Chennai,Finance,887888,Married
Tejas D’Alia,25,Male,Master,4,ML Engineer,Pune,Healthcare,722306,Single
Indrajit Majumdar,60,Other,Bachelor,20,Data Scientist,Bangalore,Finance,1027562,Married
Pari Thaker,30,Female,Bachelor,4,DevOps Engineer,Bangalore,Retail,496144,Married
Shanaya Kuruvilla,26,Female,Bachelor,5,HR Manager,Bangalore,Retail,488187,Married
Shaan Venkataraman,51,Female,Bachelor,6,ML Engineer,Bangalore,Healthcare,567115,Married
Uthkarsh Sengupta,36,Female,Master,2,Project Manager,Bangalore,Healthcare,714304,Married
Aradhya Tailor,54,Male,Bachelor,24,DevOps Engineer,Delhi,Finance,1073276,Married
Mannat Kanda,41,Female,Diploma,8,Data Scientist,Bangalore,Finance,485575,Married
Nayantara Banerjee,47,Male,Master,23,HR Manager,Bangalore,Telecom,1139165,Single
Renee Chandra,50,Other,Bachelor,8,Business Analyst,Chennai,Finance,624720,Single
Anvi Mahajan,58,Male,Bachelor,7,UI/UX Designer,Mumbai,Retail,592374,Married
Ela Bava,32,Male,Bachelor,10,Software Engineer,Hyderabad,IT,682815,Married
Adah Kibe,58,Female,Diploma,17,Backend Developer,Chennai,Telecom,682006,Married
Arnav Sibal,42,Female,Master,12,Backend Developer,Hyderabad,Education,893255,Single
Shamik Bhatt,52,Other,Bachelor,3,Project Manager,Kolkata,Retail,498469,Married
Mamooty Chokshi,57,Other,PhD,17,Business Analyst,Ahmedabad,Manufacturing,1194101,Single
Ela Tak,54,Female,Bachelor,32,Data Scientist,Mumbai,Healthcare,1354910,Single
Trisha Mahal,48,Female,Master,10,DevOps Engineer,Hyderabad,Education,847090,Married
Vidur Srinivas,31,Male,Bachelor,3,UI/UX Designer,Hyderabad,Education,505824,Single
Dhanush Krishna,41,Other,Master,5,DevOps Engineer,Kolkata,Healthcare,749739,Single
Aayush Ahuja,29,Other,Bachelor,0,Data Scientist,Bangalore,Telecom,406423,Married
Yuvraj  Ranganathan,27,Female,Master,3,HR Manager,Bangalore,Finance,616974,Married
Aarav Mane,58,Other,Bachelor,3,Web Developer,Hyderabad,Healthcare,489312,Single
Ivana Sandhu,59,Other,Bachelor,16,Software Engineer,Kolkata,IT,786668,Single
Anaya Dhillon,53,Female,Bachelor,0,Project Manager,Kolkata,Retail,411672,Married
Faiyaz Jani,21,Female,Bachelor,0,Data Scientist,Pune,Retail,394954,Married
Zain Loke,54,Male,Diploma,20,Web Developer,Kolkata,Manufacturing,596840,Married
Aaina Sama,55,Male,Bachelor,4,Software Engineer,Chennai,Education,513870,Married
Aayush Iyengar,57,Male,Bachelor,20,Backend Developer,Ahmedabad,Retail,942781,Married
Rohan Chada,43,Other,Master,20,Software Engineer,Ahmedabad,Retail,1104198,Married
Vardaniya Comar,25,Other,Bachelor,3,DevOps Engineer,Mumbai,Finance,470562,Married
Vedika Kibe,27,Other,Master,3,Backend Developer,Hyderabad,Education,641542,Single
Anahi Sharma,50,Other,Bachelor,18,ML Engineer,Pune,Finance,980146,Married
Jiya Dora,43,Male,PhD,21,Project Manager,Ahmedabad,Education,1493262,Single
Aniruddh Arya,36,Male,Diploma,5,Software Engineer,Bangalore,Retail,296895,Married
Alia Sehgal,50,Other,Master,16,DevOps Engineer,Pune,Telecom,1026096,Single
Zoya Krishnamurthy,22,Male,Bachelor,0,DevOps Engineer,Delhi,Retail,399137,Married
Ira Batta,55,Male,PhD,14,Frontend Developer,Bangalore,Finance,1120562,Married
Pihu Subramanian,33,Male,Bachelor,9,Data Analyst,Ahmedabad,IT,557358,Married
Purab Balan,30,Female,Bachelor,6,Software Engineer,Pune,Manufacturing,528584,Married
Lagan Wason,27,Male,Bachelor,3,Software Engineer,Delhi,Healthcare,435340,Single
Oorja Chanda,42,Male,Diploma,5,ML Engineer,Hyderabad,Telecom,384194,Married
Siya Kulkarni,53,Male,Bachelor,22,Business Analyst,Bangalore,Healthcare,931408,Single
Mahika Contractor,43,Male,Diploma,17,Data Analyst,Ahmedabad,Education,539095,Single
Anya Deo,38,Female,Master,12,Business Analyst,Mumbai,IT,937508,Single
Vedika Venkataraman,25,Male,Master,3,UI/UX Designer,Pune,Finance,650611,Married
Rasha Grover,33,Other,PhD,4,Web Developer,Hyderabad,Finance,844671,Single
Arnav Kalita,21,Other,Diploma,0,ML Engineer,Delhi,Healthcare,170664,Married
Ivana Master,38,Male,Diploma,2,DevOps Engineer,Mumbai,IT,282863,Married
Nayantara Babu,50,Female,Master,22,Backend Developer,Delhi,Telecom,1194803,Single
Arnav Karpe,57,Female,Bachelor,16,Software Engineer,Delhi,IT,830399,Married
Pihu Gera,48,Other,Bachelor,14,DevOps Engineer,Kolkata,Telecom,801447,Single
Emir Chaudhry,57,Female,Bachelor,11,Data Scientist,Hyderabad,Manufacturing,774813,Single
Indranil Kadakia,59,Other,Bachelor,11,Business Analyst,Pune,Finance,694058,Single
Veer Wadhwa,22,Male,Master,1,UI/UX Designer,Hyderabad,Telecom,638857,Single
Ehsaan Dutt,39,Female,Bachelor,17,UI/UX Designer,Bangalore,Education,833107,Married
Parinaaz Agrawal,23,Other,PhD,2,DevOps Engineer,Kolkata,IT,829424,Married
Ojas Raman,39,Other,Master,5,Data Analyst,Mumbai,IT,694830,Married
Gatik Kanda,45,Other,Bachelor,20,DevOps Engineer,Mumbai,Manufacturing,971915,Single
Pihu Chada,27,Female,Bachelor,0,UI/UX Designer,Delhi,IT,396189,Married
Zaina Dhillon,46,Female,Master,17,Data Scientist,Pune,Education,1140970,Single
Aaryahi Kari,30,Female,Diploma,2,Data Analyst,Delhi,Manufacturing,221333,Single
Ehsaan Wagle,29,Other,Bachelor,5,Web Developer,Bangalore,Healthcare,520178,Married
Taimur Chawla,37,Female,Bachelor,2,Frontend Developer,Chennai,Retail,496667,Single
Hrishita Kothari,42,Other,Master,20,Data Scientist,Pune,Healthcare,1213054,Married
Vaibhav Bassi,42,Female,Master,11,Backend Developer,Pune,IT,879826,Single
Ehsaan Sem,28,Female,Master,2,ML Engineer,Kolkata,Education,665354,Single
Myra Tripathi,44,Female,Bachelor,3,Software Engineer,Delhi,Healthcare,515741,Married
Kabir Dhar,38,Female,Bachelor,10,Software Engineer,Chennai,Finance,613939,Single
Nirvi Amble,30,Other,Bachelor,3,UI/UX Designer,Delhi,Telecom,456435,Married
Faiyaz Hans,57,Male,Bachelor,30,HR Manager,Chennai,Retail,1108035,Married
Faiyaz Deep,39,Female,Master,0,Data Analyst,Pune,Manufacturing,632616,Married
Saira Vig,34,Female,Bachelor,1,ML Engineer,Mumbai,Telecom,409087,Single
Aarush Seth,58,Female,Bachelor,5,Frontend Developer,Kolkata,Telecom,513237,Single
Yuvraj  Dass,34,Male,Master,8,Data Scientist,Kolkata,IT,873295,Single
Dishani Reddy,52,Female,Bachelor,23,Software Engineer,Pune,Manufacturing,929056,Married
Vritika Rau,26,Female,Bachelor,4,DevOps Engineer,Pune,Healthcare,480018,Married
Siya Rajagopalan,23,Other,Bachelor,0,Data Scientist,Mumbai,Finance,358128,Single
Saanvi Tata,32,Male,Master,6,Data Analyst,Chennai,Education,709463,Married
Ela Baria,51,Other,Bachelor,9,Business Analyst,Pune,Finance,615845,Married
Zoya Swaminathan,38,Male,Bachelor,10,Data Analyst,Ahmedabad,Healthcare,657349,Married
Jhanvi Kade,50,Female,Master,29,Software Engineer,Pune,Telecom,1263757,Single
Ranbir Doshi,51,Other,Master,6,Business Analyst,Hyderabad,Education,774999,Married
Ranbir Singhal,50,Female,Master,1,Data Scientist,Chennai,IT,648873,Married
Ahana  Varghese,53,Female,Diploma,3,Backend Developer,Ahmedabad,Telecom,322477,Married
Kiara Babu,35,Other,Master,7,DevOps Engineer,Kolkata,Finance,773750,Married
Shaan Kamdar,25,Other,Bachelor,3,Business Analyst,Delhi,Education,451464,Married
Mannat Wali,54,Female,Master,10,HR Manager,Kolkata,Telecom,825920,Married
Shayak Khanna,51,Other,PhD,15,UI/UX Designer,Ahmedabad,Finance,1144172,Married
Neelofar Bhatia,59,Female,Master,24,Frontend Developer,Kolkata,IT,1205019,Married
Ivan Sahota,57,Other,Bachelor,29,Project Manager,Delhi,Education,1390845,Single
Zara Dash,55,Other,Master,17,Business Analyst,Bangalore,Telecom,1026958,Married
Ishita Atwal,60,Other,Bachelor,4,Project Manager,Mumbai,Finance,518505,Single
Onkar Saran,28,Female,Bachelor,5,ML Engineer,Kolkata,Telecom,578780,Single
Parinaaz Manne,30,Other,PhD,6,Web Developer,Bangalore,Manufacturing,871824,Married
Jivika Samra,29,Female,Bachelor,4,Project Manager,Mumbai,Retail,576788,Single
Ehsaan Rajan,29,Female,Bachelor,6,HR Manager,Kolkata,Retail,513440,Single
Parinaaz Master,52,Male,Diploma,2,UI/UX Designer,Mumbai,Retail,206794,Single
Advika Mangat,44,Male,Diploma,16,Project Manager,Delhi,IT,725024,Single
Amani Chowdhury,30,Male,Bachelor,8,Project Manager,Hyderabad,Telecom,631461,Single
Veer Raman,55,Female,Master,13,Frontend Developer,Mumbai,Healthcare,931344,Married
Miraan Gade,43,Female,PhD,2,DevOps Engineer,Mumbai,IT,861260,Single
Kanav Ahluwalia,24,Other,Bachelor,3,HR Manager,Delhi,Education,502137,Single
Hunar Sabharwal,54,Male,Master,31,ML Engineer,Kolkata,Telecom,1595145,Single
Amira Gupta,38,Male,Bachelor,11,Project Manager,Kolkata,Manufacturing,750411,Married
Diya Kuruvilla,47,Female,Bachelor,6,Business Analyst,Mumbai,Retail,595325,Single
Rohan Bal,51,Other,PhD,22,Backend Developer,Bangalore,Education,1386882,Single
Ela Hora,58,Other,Master,2,Software Engineer,Mumbai,Education,671528,Married
Tushar Lala,42,Other,Bachelor,7,HR Manager,Kolkata,IT,522274,Single
Yuvaan Singh,45,Female,Bachelor,21,Data Analyst,Delhi,Telecom,875713,Single
Myra Sahota,21,Male,Master,0,Software Engineer,Hyderabad,Healthcare,619185,Single
Zoya Ramaswamy,50,Other,Bachelor,17,Data Scientist,Ahmedabad,Retail,957800,Married
Rhea Gandhi,31,Male,Bachelor,3,Backend Developer,Ahmedabad,Healthcare,505928,Married
Aradhya Chander,34,Male,Bachelor,2,HR Manager,Ahmedabad,Telecom,430594,Single
Hridaan Arora,43,Female,Master,9,HR Manager,Mumbai,Education,788430,Married
Zeeshan Kakar,36,Female,Master,9,Backend Developer,Bangalore,Retail,847426,Married
Zeeshan Edwin,25,Male,Bachelor,1,Backend Developer,Hyderabad,Finance,398783,Married
Vardaniya Mahal,35,Other,Master,2,Software Engineer,Delhi,Manufacturing,673222,Single
Umang Raman,31,Other,Bachelor,1,DevOps Engineer,Hyderabad,Healthcare,442364,Single
Umang Majumdar,30,Female,PhD,4,ML Engineer,Mumbai,IT,950796,Married
Ryan Vasa,27,Male,Bachelor,1,ML Engineer,Pune,IT,416698,Single
Hridaan Thaman,37,Other,PhD,3,Backend Developer,Bangalore,IT,899012,Single
Heer Seth,35,Male,Bachelor,14,Web Developer,Ahmedabad,Finance,725722,Married
Shamik Ramachandran,56,Other,Master,12,HR Manager,Mumbai,Healthcare,867657,Single
Keya Sastry,25,Other,Master,0,ML Engineer,Pune,Manufacturing,643061,Single
Ayesha Gour,51,Female,Bachelor,13,HR Manager,Kolkata,Education,672334,Single
Yakshit Garde,57,Other,Master,12,Software Engineer,Mumbai,Retail,877361,Single
Lakshay Sangha,24,Male,Bachelor,0,DevOps Engineer,Ahmedabad,Education,383799,Married
Charvi Brahmbhatt,46,Male,Diploma,14,ML Engineer,Chennai,Healthcare,673591,Single
Badal Hayre,25,Female,Bachelor,1,Web Developer,Hyderabad,Telecom,422344,Married
Yakshit Borra,22,Male,PhD,1,Project Manager,Delhi,Education,813741,Married
Bhamini Lall,57,Other,Bachelor,22,Software Engineer,Ahmedabad,Manufacturing,950787,Married
Hunar Kari,54,Male,Master,25,HR Manager,Bangalore,Healthcare,1112085,Married
Raunak Yadav,45,Male,PhD,2,Business Analyst,Pune,Manufacturing,835316,Married
Vihaan Yadav,59,Other,Master,24,Software Engineer,Hyderabad,Healthcare,1174580,Single
Indranil Taneja,31,Female,Bachelor,9,Business Analyst,Ahmedabad,Retail,600920,Married
Vidur Madan,23,Male,Diploma,2,ML Engineer,Mumbai,IT,297548,Married
Fateh Savant,46,Other,Diploma,17,Frontend Developer,Delhi,Finance,584869,Married
Farhan Kamdar,56,Male,Master,26,Data Analyst,Bangalore,Retail,1175024,Married
Nirvi Reddy,25,Female,Bachelor,1,Project Manager,Hyderabad,Education,447944,Single
Ishita Bassi,30,Female,PhD,6,HR Manager,Chennai,Retail,976658,Single
Hiran Koshy,34,Male,Master,8,UI/UX Designer,Kolkata,Education,799355,Married
Sana Wali,30,Other,Bachelor,0,Backend Developer,Mumbai,Telecom,356154,Single
Stuvan Vyas,50,Male,Master,8,Data Scientist,Bangalore,Telecom,871199,Married
Eshani Sarkar,54,Female,Bachelor,28,Web Developer,Kolkata,Manufacturing,910085,Single
Veer Kala,42,Male,Bachelor,1,UI/UX Designer,Chennai,Manufacturing,417553,Married
Hazel Srinivasan,24,Female,Bachelor,1,HR Manager,Chennai,Retail,437142,Single
Vihaan Sane,45,Other,Bachelor,19,UI/UX Designer,Kolkata,IT,887145,Single
Vivaan Kadakia,32,Female,Bachelor,1,ML Engineer,Hyderabad,Healthcare,448662,Single
Zoya Keer,21,Female,Bachelor,0,Software Engineer,Kolkata,Finance,384987,Married
Divyansh Arora,29,Male,Master,3,Data Scientist,Hyderabad,Manufacturing,662065,Single
Aaina Kapoor,57,Female,Bachelor,30,Business Analyst,Bangalore,Education,1145061,Single
Raghav Basu,38,Female,Bachelor,16,Web Developer,Ahmedabad,Healthcare,741609,Married
Vardaniya Singhal,40,Male,Master,8,Project Manager,Hyderabad,Finance,908997,Single
Saksham Deshpande,24,Male,Master,0,DevOps Engineer,Hyderabad,Telecom,642994,Married
Madhup Badal,33,Male,Master,4,ML Engineer,Mumbai,IT,714247,Married
Shalv Bajaj,44,Other,Bachelor,23,Data Scientist,Delhi,Healthcare,1041872,Married
Khushi Chopra,60,Female,Bachelor,12,UI/UX Designer,Delhi,Retail,726167,Single
Vanya Dugar,28,Male,Bachelor,6,Frontend Developer,Ahmedabad,Finance,546344,Married
Zain Buch,31,Female,Bachelor,10,Backend Developer,Bangalore,Manufacturing,693218,Married
Charvi Singh,44,Other,Bachelor,15,Backend Developer,Hyderabad,Manufacturing,777723,Single
Sahil Wable,30,Female,Master,4,Business Analyst,Bangalore,IT,662372,Married
Adira Gour,49,Male,Master,20,Software Engineer,Hyderabad,Manufacturing,1093143,Single
Kabir Sood,43,Other,PhD,8,DevOps Engineer,Mumbai,IT,1060329,Married
Nitya Sengupta,36,Other,Bachelor,14,Frontend Developer,Chennai,IT,783255,Married
Renee Manne,37,Female,Bachelor,12,Project Manager,Pune,Retail,847772,Married
Jhanvi Lalla,40,Male,Master,16,Software Engineer,Chennai,Manufacturing,996872,Married
Jivin Issac,37,Other,Bachelor,8,Data Analyst,Bangalore,Retail,555888,Single
Emir Bail,33,Male,PhD,8,Backend Developer,Mumbai,Finance,1020089,Married
Lakshit Saran,26,Female,Bachelor,0,DevOps Engineer,Ahmedabad,Telecom,364360,Married
Rania Dua,37,Other,Bachelor,15,Frontend Developer,Pune,Manufacturing,780229,Married
Lagan Thakkar,57,Male,Diploma,6,Business Analyst,Delhi,IT,321571,Single
Rati Bhatti,21,Male,Bachelor,0,Web Developer,Ahmedabad,Healthcare,361122,Married
Trisha Gupta,23,Female,Master,1,Data Analyst,Mumbai,Telecom,631143,Married
Emir Kothari,37,Female,Diploma,9,UI/UX Designer,Delhi,Finance,453401,Single
Miraya Kamdar,57,Female,PhD,3,HR Manager,Pune,Education,824029,Single
Faiyaz Deep,22,Other,Bachelor,0,Software Engineer,Delhi,Telecom,407094,Married
Romil Dora,32,Female,Master,7,Data Scientist,Delhi,Education,823743,Single
Renee Gour,60,Female,Bachelor,1,UI/UX Designer,Delhi,Manufacturing,430511,Married
Ivan Tailor,29,Other,Bachelor,5,HR Manager,Chennai,Education,505644,Single
Arhaan Gara,27,Male,PhD,1,Software Engineer,Pune,Finance,805681,Married
Alia Brahmbhatt,38,Male,Bachelor,3,Frontend Developer,Ahmedabad,IT,449908,Married
Sumer Sami,35,Female,Diploma,2,Web Developer,Pune,Manufacturing,223647,Single
Zaina Devi,33,Other,PhD,10,HR Manager,Hyderabad,Healthcare,1060377,Single
Advik Goel,42,Male,Bachelor,14,HR Manager,Pune,Telecom,738622,Married
Jhanvi Sawhney,49,Male,Master,16,Frontend Developer,Kolkata,Education,978788,Married
Nehmat Samra,24,Female,PhD,3,Web Developer,Kolkata,Finance,818689,Single
Dhanush Jayaraman,49,Male,Diploma,24,DevOps Engineer,Hyderabad,IT,882682,Married
Nitara Baral,47,Male,Bachelor,3,DevOps Engineer,Mumbai,IT,440649,Single
Parinaaz Hayer,57,Male,PhD,22,ML Engineer,Pune,Retail,1465358,Married
Aniruddh Kata,30,Other,Diploma,0,Frontend Developer,Pune,Healthcare,166451,Married
Gatik Ramachandran,58,Male,Master,31,Backend Developer,Chennai,Education,1434644,Single
Oorja Bora,47,Other,PhD,6,Project Manager,Kolkata,Healthcare,1053748,Married
Zoya Chaudhry,38,Female,Bachelor,11,Data Analyst,Chennai,Manufacturing,659692,Single
Hansh Kapadia,38,Other,Bachelor,10,HR Manager,Mumbai,Education,613067,Single
Shalv Kar,39,Male,Bachelor,17,Business Analyst,Kolkata,Telecom,794077,Single
Farhan Sankaran,46,Female,Master,22,Data Scientist,Delhi,Retail,1255965,Single
Divij Bhardwaj,56,Male,Bachelor,8,Data Scientist,Pune,Telecom,594903,Single
Nirvi Dass,31,Male,Bachelor,4,Project Manager,Hyderabad,IT,490461,Married
Mannat Shan,22,Other,Bachelor,1,Project Manager,Kolkata,Manufacturing,400461,Married
Kismat Saini,54,Male,Master,7,UI/UX Designer,Chennai,Healthcare,750941,Married
Shanaya Dixit,45,Other,Bachelor,14,Data Analyst,Pune,IT,716384,Single
Nehmat Sura,55,Other,Master,17,Software Engineer,Pune,Finance,971598,Married
Shamik Sachdeva,52,Female,Diploma,30,Software Engineer,Mumbai,IT,966447,Single
Aayush Khurana,44,Other,Master,19,Data Analyst,Bangalore,Finance,978324,Single
Lagan Sha,36,Other,Bachelor,9,Software Engineer,Pune,Telecom,578785,Single
Reyansh Bakshi,55,Other,Master,30,Data Analyst,Bangalore,Telecom,1219137,Single
Rasha Dass,31,Other,Bachelor,5,Data Scientist,Kolkata,Retail,550083,Single
Adah Tata,58,Other,PhD,23,HR Manager,Chennai,Retail,1324421,Married
Lakshay Ganesh,53,Female,Master,13,Business Analyst,Chennai,Education,904607,Single
Vedika Deep,42,Female,Master,16,HR Manager,Chennai,IT,934063,Married
Rania Borde,52,Other,Bachelor,29,Frontend Developer,Bangalore,Finance,1137747,Single
Bhamini Upadhyay,55,Male,Bachelor,3,Software Engineer,Mumbai,Education,507972,Married
Pihu Kala,38,Male,Master,17,DevOps Engineer,Mumbai,Telecom,1099583,Single
Indrans Dubey,22,Male,Bachelor,1,ML Engineer,Ahmedabad,IT,469902,Married
Samar Srinivas,31,Female,Diploma,8,Project Manager,Mumbai,Education,439697,Married
Advik Chakrabarti,26,Other,Bachelor,4,ML Engineer,Mumbai,Telecom,555897,Married
Shaan Sankaran,41,Other,Bachelor,18,HR Manager,Kolkata,Telecom,837979,Single
Parinaaz Bajwa,21,Male,Bachelor,0,Project Manager,Ahmedabad,Retail,410473,Single
Nehmat Sem,39,Female,Bachelor,0,HR Manager,Chennai,IT,361798,Married
Vritika Gera,45,Male,Master,13,Business Analyst,Delhi,IT,934027,Married
Shamik Varty,54,Female,Bachelor,11,Project Manager,Ahmedabad,Manufacturing,777165,Married
Saanvi Dugar,48,Female,Master,8,DevOps Engineer,Chennai,Finance,817672,Married
Himmat Datta,60,Female,PhD,39,Web Developer,Ahmedabad,IT,1568394,Single
Mohanlal Dani,24,Female,Bachelor,3,Software Engineer,Hyderabad,Finance,514429,Single
Aayush Ganesh,38,Male,PhD,14,Business Analyst,Hyderabad,Finance,1196405,Single
Ivan Shukla,32,Male,Master,9,Software Engineer,Delhi,Finance,846743,Married
Advik Dhar,47,Male,Master,0,Project Manager,Mumbai,Telecom,617963,Married
Anvi Kumar,35,Female,Bachelor,7,Data Analyst,Pune,Education,526205,Married
Tiya Kapoor,21,Other,Bachelor,0,Software Engineer,Bangalore,Manufacturing,387551,Married
Saanvi Ben,50,Other,Bachelor,27,UI/UX Designer,Pune,Finance,1067206,Single
Lakshit Rajagopal,40,Female,PhD,16,HR Manager,Hyderabad,IT,1152614,Married
Amani Bumb,37,Other,Bachelor,14,Backend Developer,Mumbai,Healthcare,792491,Married
Vanya Date,41,Other,Master,5,Project Manager,Ahmedabad,Telecom,796077,Single
Kanav De,34,Male,Diploma,9,Project Manager,Mumbai,Telecom,502738,Single
Suhana Sahota,38,Female,Bachelor,15,Backend Developer,Pune,Education,773196,Married
Aarav Mani,30,Female,Master,9,DevOps Engineer,Chennai,Healthcare,815806,Married
Neysa Karnik,49,Other,Master,28,Data Scientist,Pune,Retail,1397978,Married
Kashvi Varughese,43,Female,Diploma,22,HR Manager,Ahmedabad,Telecom,717214,Single
Anvi Lad,37,Male,Master,6,Software Engineer,Pune,Healthcare,709455,Single
Kabir Rajagopalan,57,Male,Diploma,23,HR Manager,Kolkata,Education,743890,Married
Chirag De,49,Male,Bachelor,23,Backend Developer,Hyderabad,Healthcare,1005556,Married
Manjari Balay,48,Male,PhD,1,ML Engineer,Pune,Finance,820783,Single
Vedika Sawhney,48,Male,Master,3,Backend Developer,Ahmedabad,Retail,715082,Single
Armaan Ratta,40,Female,Bachelor,3,UI/UX Designer,Chennai,Manufacturing,501636,Married
Trisha Aurora,57,Other,Bachelor,23,Business Analyst,Chennai,IT,974878,Single
Mohanlal Biswas,50,Other,Master,19,DevOps Engineer,Hyderabad,Retail,1147247,Single
Darshit Tak,52,Female,PhD,28,Software Engineer,Ahmedabad,IT,1504468,Single
Jivika Varghese,26,Other,Master,4,Backend Developer,Mumbai,Telecom,662093,Married
Anahi Kata,27,Other,Bachelor,1,Backend Developer,Kolkata,IT,448878,Single
Kimaya Golla,35,Female,Master,11,DevOps Engineer,Mumbai,Manufacturing,886702,Single
Ishita Borra,38,Female,Master,12,Frontend Developer,Mumbai,Healthcare,895133,Married
Saksham Dara,46,Female,Bachelor,13,Data Analyst,Chennai,Education,705086,Single
Lavanya Singh,48,Male,Master,5,DevOps Engineer,Mumbai,Manufacturing,708815,Single
Ranbir Lala,40,Female,Bachelor,12,Web Developer,Hyderabad,IT,613078,Single
Biju Maharaj,53,Other,Bachelor,11,Backend Developer,Bangalore,Finance,732371,Married
Mahika Gopal,58,Male,Bachelor,12,ML Engineer,Hyderabad,Manufacturing,735236,Single
Ojas Buch,50,Female,Bachelor,28,Data Analyst,Ahmedabad,Manufacturing,1028860,Single
Ranbir Tank,60,Other,PhD,12,Business Analyst,Pune,Education,1065274,Single
Keya Kibe,31,Other,Bachelor,8,UI/UX Designer,Chennai,Telecom,575919,Married
Aniruddh Bawa,56,Other,PhD,19,ML Engineer,Delhi,Education,1379735,Single
Bhamini Malhotra,56,Female,Master,15,Software Engineer,Bangalore,Healthcare,931603,Single
Yakshit Cherian,46,Female,PhD,22,Frontend Developer,Ahmedabad,Manufacturing,1360838,Single
Lakshay Sangha,32,Female,Bachelor,4,Frontend Developer,Delhi,Healthcare,472487,Married
Vidur Sem,49,Female,Diploma,21,Data Scientist,Ahmedabad,Manufacturing,861334,Single
Zeeshan Kade,28,Female,Bachelor,6,ML Engineer,Pune,Healthcare,567115,Married
Emir Doshi,28,Female,PhD,5,HR Manager,Delhi,Finance,901403,Married
Romil Ravi,58,Other,Bachelor,1,Data Analyst,Ahmedabad,Education,456330,Married
Inaaya  Dave,47,Other,Master,0,Backend Developer,Pune,Education,582352,Married
Amira Acharya,32,Female,Diploma,8,Web Developer,Kolkata,IT,390973,Married
Rati Bhargava,23,Male,Diploma,1,Data Analyst,Kolkata,Education,173697,Single
Indrans Acharya,28,Other,Bachelor,1,Business Analyst,Kolkata,IT,405043,Single
Samiha Choudhary,54,Female,Bachelor,18,Data Analyst,Delhi,Education,764107,Single
Tiya Kohli,44,Female,Bachelor,11,Software Engineer,Hyderabad,Retail,626184,Married
Krish Sharma,25,Female,Bachelor,3,HR Manager,Mumbai,Retail,478876,Married
Rania Barman,23,Female,Bachelor,2,Web Developer,Bangalore,Education,433512,Married
Lagan Bahri,55,Male,PhD,33,Web Developer,Kolkata,Retail,1458363,Married
Yuvaan Baria,42,Other,Bachelor,0,Data Scientist,Bangalore,IT,409889,Married
Yashvi Vala,29,Female,Master,1,DevOps Engineer,Hyderabad,Retail,666267,Single
Kanav Trivedi,22,Other,Bachelor,1,Data Scientist,Ahmedabad,Manufacturing,474084,Single
Raghav Din,58,Female,Master,32,Frontend Developer,Ahmedabad,Retail,1415268,Single
Rohan Bumb,46,Other,Master,9,Data Analyst,Kolkata,IT,830789,Married
Aaryahi Kapoor,54,Other,PhD,20,Backend Developer,Mumbai,IT,1338808,Single
Yasmin Dora,47,Female,Master,14,Web Developer,Chennai,Telecom,906570,Married
Trisha Mander,29,Male,Diploma,8,Data Scientist,Bangalore,Telecom,391903,Single
Jayan Sen,24,Male,Master,0,Project Manager,Pune,Manufacturing,552145,Single
Manjari Rama,40,Female,Bachelor,15,Web Developer,Delhi,IT,723589,Single
Rati Dhawan,41,Other,Bachelor,12,Project Manager,Ahmedabad,Manufacturing,813820,Married
Faiyaz Dutta,23,Male,Bachelor,1,Data Analyst,Pune,Finance,376470,Married
Manikya Saxena,48,Male,Bachelor,6,Backend Developer,Bangalore,Manufacturing,527985,Married
Gatik Bail,39,Female,Bachelor,13,Software Engineer,Delhi,Healthcare,685857,Single
Bhamini Dayal,60,Male,Bachelor,27,Project Manager,Delhi,Finance,1321788,Single
Vidur Atwal,60,Other,Bachelor,37,Business Analyst,Ahmedabad,Telecom,1389752,Married
Dhanush Kale,55,Male,Master,4,Project Manager,Hyderabad,Healthcare,749055,Single
Ahana  Samra,40,Female,Bachelor,1,Web Developer,Bangalore,Finance,374575,Single
Abram Sem,55,Female,Bachelor,22,Project Manager,Pune,Finance,1175303,Married
Indrans Raj,53,Female,Diploma,2,ML Engineer,Hyderabad,Healthcare,224009,Single
Yuvraj  Bhagat,29,Male,Bachelor,8,Software Engineer,Chennai,Retail,548634,Single
Nakul Arora,51,Female,Bachelor,1,Project Manager,Kolkata,Manufacturing,401653,Single
Emir Chokshi,38,Female,Master,10,UI/UX Designer,Ahmedabad,Finance,800133,Married
Ivana Sabharwal,51,Male,Master,23,Business Analyst,Hyderabad,Education,1224921,Married
Bhamini Babu,26,Other,Master,3,HR Manager,Bangalore,Healthcare,709328,Married
Parinaaz Swamy,47,Male,Master,22,UI/UX Designer,Pune,Retail,1136562,Married
Kismat Bassi,28,Male,Master,1,Frontend Developer,Kolkata,Telecom,658845,Single
Amira Gole,29,Male,Bachelor,0,Data Analyst,Bangalore,Education,422269,Married
Vihaan Datta,50,Male,PhD,27,Business Analyst,Delhi,Healthcare,1501973,Single
Aarna Deep,52,Male,Master,2,UI/UX Designer,Hyderabad,Finance,647335,Single
Darshit Mand,45,Female,Bachelor,9,Data Analyst,Delhi,Retail,608772,Single
Biju Boase,54,Other,PhD,17,ML Engineer,Hyderabad,Retail,1313424,Single
Dishani Manda,24,Other,Bachelor,0,Software Engineer,Mumbai,Retail,370433,Single
Tanya Dutt,34,Male,Bachelor,12,HR Manager,Chennai,IT,674063,Married
Ryan Sani,27,Female,Bachelor,5,Data Analyst,Kolkata,IT,493173,Single
Kavya Bhandari,47,Other,Bachelor,1,Project Manager,Delhi,Education,479610,Single
Romil Bobal,59,Other,Master,20,UI/UX Designer,Mumbai,Healthcare,1079738,Single
Vaibhav Borah,29,Female,Bachelor,2,Data Analyst,Pune,Healthcare,421743,Single
Pranay Shah,40,Female,PhD,1,Frontend Developer,Bangalore,Healthcare,791745,Single
Aarav Ramakrishnan,46,Female,Bachelor,15,UI/UX Designer,Ahmedabad,Retail,776003,Married
Samarth Choudhury,27,Male,Bachelor,0,ML Engineer,Ahmedabad,Retail,395023,Single
Miraan Chandra,59,Other,Bachelor,9,UI/UX Designer,Ahmedabad,Retail,631681,Married
Mahika Halder,28,Other,Master,5,Frontend Developer,Pune,Retail,765569,Married
Vardaniya Vig,59,Male,Bachelor,34,Web Developer,Mumbai,Healthcare,1101766,Married
Advik Chada,36,Male,Diploma,1,Business Analyst,Ahmedabad,Finance,260684,Married
Gatik Loyal,33,Other,Master,10,Software Engineer,Hyderabad,Manufacturing,880321,Single
Vaibhav Hegde,55,Female,Master,6,Frontend Developer,Kolkata,Telecom,721314,Single
Samar Sami,26,Other,Bachelor,2,Frontend Developer,Pune,Retail,440515,Married
Neelofar Borde,31,Female,Master,5,DevOps Engineer,Pune,Manufacturing,692073,Married
Nishith Reddy,26,Other,Master,1,Data Scientist,Hyderabad,Telecom,622757,Married
Himmat Bhat,32,Female,Diploma,0,Project Manager,Chennai,IT,224711,Single
Vidur Chanda,48,Other,Bachelor,9,HR Manager,Bangalore,Retail,607588,Married
Dhruv Saraf,48,Female,Bachelor,2,Business Analyst,Mumbai,Telecom,447025,Single
Devansh Kannan,57,Male,Bachelor,3,HR Manager,Ahmedabad,Telecom,498287,Married
Jhanvi Bali,21,Male,Bachelor,0,Project Manager,Bangalore,Retail,358377,Single
Riya Sathe,50,Male,Master,9,Data Analyst,Pune,Education,821258,Single
Armaan Sangha,40,Female,Diploma,4,ML Engineer,Bangalore,Retail,356764,Single
Rohan Garg,47,Other,Master,5,Business Analyst,Hyderabad,Finance,690751,Single
Mishti Dhawan,60,Male,PhD,1,UI/UX Designer,Kolkata,Healthcare,823530,Single
Seher Sachar,44,Male,Bachelor,18,UI/UX Designer,Pune,Education,818513,Single
Hridaan Bava,25,Female,Bachelor,0,Frontend Developer,Pune,IT,400607,Single
Shanaya Mani,57,Female,Master,29,Project Manager,Mumbai,Healthcare,1582737,Married
Kismat Lata,56,Other,Bachelor,0,Project Manager,Chennai,Healthcare,412232,Single
Dhanush Luthra,41,Other,Bachelor,3,Business Analyst,Bangalore,Education,478458,Married
Farhan Gupta,44,Female,Bachelor,13,ML Engineer,Pune,Healthcare,839594,Single
Azad Bakshi,37,Female,Master,13,Software Engineer,Kolkata,Retail,921574,Single
Devansh Bhalla,40,Female,Bachelor,15,Project Manager,Kolkata,IT,908539,Single
Raunak Barad,46,Male,Master,10,Software Engineer,Delhi,Retail,872143,Single
Abram Lata,34,Other,Bachelor,12,UI/UX Designer,Bangalore,Manufacturing,639425,Single
Heer Lall,26,Male,PhD,3,Data Analyst,Chennai,Finance,849011,Married
Yuvraj  Kakar,42,Female,Master,5,UI/UX Designer,Mumbai,Telecom,735933,Single
Romil Mangal,39,Female,PhD,2,Backend Developer,Delhi,Telecom,830542,Married
Kabir Shroff,29,Other,PhD,5,Software Engineer,Bangalore,Retail,923819,Single
Jayesh Chahal,55,Male,Bachelor,11,Business Analyst,Chennai,Education,733325,Single
Onkar Raj,48,Other,Master,0,Frontend Developer,Bangalore,IT,597871,Single
Nirvaan Rattan,55,Male,Diploma,19,Backend Developer,Kolkata,Telecom,663833,Married
Dhanuk Sathe,48,Female,Master,26,Data Analyst,Bangalore,Retail,1140091,Married
Oorja Goswami,60,Other,Bachelor,27,Frontend Developer,Hyderabad,Healthcare,1048253,Single
Baiju Arya,29,Male,Bachelor,0,Project Manager,Delhi,Manufacturing,405205,Single
Ryan Devi,43,Other,Master,19,Business Analyst,Chennai,Retail,1053515,Single
Eva Wadhwa,30,Other,Bachelor,0,DevOps Engineer,Mumbai,Manufacturing,375719,Single
Keya Sampath,54,Other,Bachelor,13,Backend Developer,Ahmedabad,Manufacturing,697633,Married
Stuvan Jaggi,35,Other,Diploma,11,DevOps Engineer,Chennai,Healthcare,493081,Single
Uthkarsh Kapur,56,Female,Master,24,ML Engineer,Chennai,Healthcare,1321307,Single
Nirvaan Kata,39,Male,Bachelor,11,Data Analyst,Bangalore,Retail,654901,Single
Parinaaz Sathe,49,Other,Master,18,DevOps Engineer,Pune,Finance,1116169,Single
Anika Borde,42,Female,Bachelor,21,HR Manager,Ahmedabad,Finance,832676,Single
Jiya Kakar,39,Female,Bachelor,15,Data Scientist,Bangalore,Retail,883935,Single
Arnav Chakraborty,32,Male,Master,10,Software Engineer,Ahmedabad,Retail,820842,Single
Nehmat Babu,46,Male,Master,20,DevOps Engineer,Chennai,Healthcare,1144576,Single
Shlok Sant,47,Female,Master,20,Project Manager,Kolkata,Education,1260666,Married
Piya Sachar,59,Female,Bachelor,21,Software Engineer,Mumbai,IT,875595,Single
Kanav Kurian,46,Female,Bachelor,10,Web Developer,Delhi,Manufacturing,589368,Married
Mahika Bhavsar,37,Male,Master,7,Software Engineer,Delhi,IT,718458,Married
Aarav Sabharwal,23,Male,Bachelor,1,Project Manager,Delhi,Manufacturing,385825,Single
Hunar Khanna,25,Female,Master,3,Frontend Developer,Pune,Healthcare,655512,Single
Kartik Shenoy,34,Female,Bachelor,7,Business Analyst,Bangalore,Retail,560987,Single
Sahil Sidhu,30,Female,Bachelor,7,UI/UX Designer,Hyderabad,Healthcare,532935,Married
Faiyaz Bhandari,56,Female,Master,14,Frontend Developer,Pune,Manufacturing,902947,Single
Shaan Kashyap,52,Other,Master,20,Data Analyst,Delhi,Retail,1071640,Single
Ela Sha,39,Male,Bachelor,16,Frontend Developer,Chennai,Finance,752912,Married
Rhea Banerjee,41,Female,Bachelor,16,Web Developer,Chennai,Education,750125,Married
Renee Ratti,30,Other,PhD,3,Business Analyst,Bangalore,Retail,909160,Single
Arnav Bhatti,39,Female,Bachelor,12,UI/UX Designer,Ahmedabad,IT,648148,Single
Mannat Basak,38,Other,Diploma,5,HR Manager,Delhi,Healthcare,349258,Single
Jayesh Kade,60,Male,Bachelor,8,Business Analyst,Pune,Manufacturing,641698,Married
Drishya Divan,51,Female,Bachelor,20,UI/UX Designer,Pune,Telecom,837552,Married
Hunar Zachariah,57,Other,Bachelor,29,UI/UX Designer,Ahmedabad,Manufacturing,1136244,Married
Yasmin Kuruvilla,53,Male,Bachelor,6,DevOps Engineer,Ahmedabad,Telecom,610878,Single
Onkar Kulkarni,59,Male,Bachelor,17,Backend Developer,Mumbai,Finance,847744,Single
Ivana Sankaran,32,Female,Diploma,6,Project Manager,Delhi,Retail,434001,Single
Ayesha Saha,21,Male,Bachelor,0,Project Manager,Kolkata,Education,425949,Single
Vedika Karpe,25,Other,Bachelor,3,Data Analyst,Pune,Finance,450069,Married
Samar Sem,27,Other,Master,0,ML Engineer,Delhi,Education,612145,Single
Keya Gour,58,Female,Bachelor,2,Project Manager,Ahmedabad,IT,517639,Married
Madhup Jain,38,Other,Master,10,Data Scientist,Delhi,Healthcare,928030,Single
Devansh Arora,41,Male,Bachelor,11,Project Manager,Ahmedabad,IT,795920,Married
Raunak Sekhon,33,Female,Master,4,HR Manager,Mumbai,Education,651491,Single
Kismat Handa,42,Other,Diploma,6,Frontend Developer,Pune,Finance,342177,Married
Bhavin Bobal,48,Female,Bachelor,23,ML Engineer,Kolkata,Healthcare,1153194,Single
Piya Mann,36,Female,Master,11,Backend Developer,Ahmedabad,Education,844004,Single
Divyansh Dhar,32,Female,Diploma,6,UI/UX Designer,Bangalore,Healthcare,340838,Married
Dhanush Tailor,54,Female,PhD,20,Project Manager,Mumbai,Retail,1453281,Single
Reyansh Warrior,35,Other,Bachelor,4,UI/UX Designer,Chennai,Retail,450202,Single
Tarini Chanda,58,Male,Bachelor,33,Frontend Developer,Kolkata,Healthcare,1212556,Married
Hrishita Kaul,53,Female,Bachelor,2,Data Analyst,Mumbai,Telecom,424665,Married
Nirvaan Yadav,47,Male,PhD,22,Software Engineer,Ahmedabad,Manufacturing,1287600,Married
Gatik Bir,34,Other,Bachelor,9,Data Scientist,Hyderabad,Finance,653673,Single
Anya Badal,50,Female,Bachelor,8,Frontend Developer,Mumbai,Finance,577566,Single
Navya Kota,43,Female,Diploma,0,DevOps Engineer,Bangalore,Telecom,187802,Married
Hansh Kibe,28,Female,Master,2,UI/UX Designer,Bangalore,Telecom,650739,Single
Stuvan Ghosh,41,Male,PhD,7,Software Engineer,Chennai,Retail,984263,Single
Gatik Kulkarni,44,Male,Master,7,Business Analyst,Bangalore,Finance,762197,Single
Divij Ramakrishnan,25,Female,Bachelor,2,Web Developer,Chennai,Retail,392239,Married
Nirvaan Sundaram,56,Other,Master,5,HR Manager,Ahmedabad,IT,693738,Single
Nirvi Saxena,42,Other,Bachelor,5,Data Scientist,Bangalore,Healthcare,576448,Single
Damini Jain,47,Male,Master,25,Software Engineer,Mumbai,Education,1186025,Married
Lakshit Sinha,22,Other,Bachelor,0,HR Manager,Kolkata,Education,425674,Single
Zeeshan Din,56,Female,Master,14,UI/UX Designer,Pune,Telecom,888419,Married
Rati Dada,26,Other,Master,5,Data Scientist,Kolkata,Manufacturing,707428,Married
Damini Upadhyay,29,Other,Master,4,Frontend Developer,Mumbai,Healthcare,700985,Married
Nakul Kala,25,Female,Bachelor,4,HR Manager,Kolkata,Retail,475037,Married
Priyansh Ben,47,Male,Bachelor,0,Backend Developer,Delhi,Manufacturing,385991,Married
Pari Sankaran,60,Male,Bachelor,11,ML Engineer,Delhi,IT,757201,Married
Jhanvi Deol,28,Other,Bachelor,5,Backend Developer,Delhi,IT,537734,Single
Amani Tata,55,Other,Bachelor,23,UI/UX Designer,Delhi,Education,903582,Single
Rohan Chakrabarti,42,Other,Diploma,15,HR Manager,Pune,Healthcare,520851,Married
Alia Chander,34,Female,Bachelor,12,Frontend Developer,Delhi,IT,660112,Single
Advik Bala,57,Male,PhD,10,Business Analyst,Delhi,IT,1099696,Single
Dishani Malhotra,25,Other,Bachelor,4,Web Developer,Delhi,Healthcare,464712,Married
Samar Bains,47,Female,Bachelor,16,UI/UX Designer,Pune,Manufacturing,799146,Married
Rasha Kanda,36,Other,Bachelor,14,Web Developer,Ahmedabad,Retail,720685,Single
Mehul Goda,56,Other,Bachelor,35,Backend Developer,Kolkata,Retail,1272692,Married
Yuvraj  Chana,58,Male,Bachelor,34,Data Analyst,Mumbai,Telecom,1182349,Married
Advik Dhar,53,Other,PhD,8,HR Manager,Ahmedabad,Manufacturing,974644,Single
Krish Acharya,49,Female,Master,12,Data Scientist,Mumbai,Manufacturing,946493,Married
Nishith Lata,55,Male,Bachelor,9,Web Developer,Ahmedabad,Manufacturing,574399,Married
Drishya Bora,26,Male,Master,1,Backend Developer,Pune,Education,649805,Single
Vidur Goel,21,Male,Master,0,HR Manager,Pune,Manufacturing,613725,Married
Nakul Chopra,41,Female,Bachelor,10,Data Scientist,Chennai,Education,669462,Single
Kiara Kibe,41,Male,Bachelor,0,UI/UX Designer,Pune,Telecom,436094,Single
Kiaan Thaker,51,Female,Master,0,Web Developer,Bangalore,Education,637449,Married
Arhaan Bassi,39,Male,Diploma,4,Software Engineer,Bangalore,IT,269779,Single
Nayantara Kant,31,Male,Master,5,Project Manager,Hyderabad,Manufacturing,792162,Married
Yashvi Rattan,50,Male,Master,20,DevOps Engineer,Chennai,Finance,1179889,Married
Ivana Gola,45,Other,Diploma,3,ML Engineer,Chennai,Healthcare,275776,Single
Seher Venkataraman,55,Female,Bachelor,2,DevOps Engineer,Ahmedabad,Finance,407422,Single
Armaan Dugar,21,Male,Bachelor,0,Data Analyst,Mumbai,Manufacturing,369933,Single
Elakshi Dhillon,37,Other,Master,7,DevOps Engineer,Chennai,Manufacturing,752234,Married
Heer Cheema,21,Other,Bachelor,0,UI/UX Designer,Chennai,Education,424511,Married
Vritika Lad,23,Female,Diploma,2,Frontend Developer,Mumbai,Manufacturing,248597,Married
Tanya Hora,21,Other,Master,0,HR Manager,Pune,Manufacturing,574807,Single
Hiran Buch,21,Male,PhD,0,Frontend Developer,Chennai,Finance,766666,Married
Jivika Date,27,Male,PhD,4,Data Analyst,Pune,Manufacturing,847867,Single
Zoya Ravi,37,Other,Bachelor,12,ML Engineer,Hyderabad,Telecom,814174,Married
Mamooty Chaudhry,23,Other,Master,1,ML Engineer,Chennai,Finance,665368,Single
Miraya Krishnamurthy,27,Male,Master,5,Project Manager,Hyderabad,Education,796912,Single
Elakshi Lala,29,Male,Bachelor,8,Data Analyst,Delhi,Education,541427,Married
Amira Banik,24,Other,Bachelor,1,DevOps Engineer,Delhi,IT,414719,Single
Miraya Srivastava,28,Male,Bachelor,2,DevOps Engineer,Ahmedabad,IT,451847,Married
Alisha Bhagat,22,Male,Bachelor,0,Business Analyst,Delhi,Finance,390252,Single
Indrans Vala,58,Male,Bachelor,6,UI/UX Designer,Chennai,Education,546568,Single
Bhavin Rao,47,Other,Bachelor,4,ML Engineer,Hyderabad,Finance,500001,Single
Pari Kapadia,50,Female,Bachelor,28,HR Manager,Pune,Finance,1010000,Married
Dhanush Tara,52,Other,Bachelor,27,Data Scientist,Kolkata,Finance,1251675,Married
Kiaan Kamdar,57,Female,Bachelor,35,HR Manager,Delhi,Manufacturing,1129025,Married
Bhamini Khurana,41,Other,Bachelor,17,DevOps Engineer,Kolkata,Retail,900783,Married
Shray Vohra,35,Female,Bachelor,3,Project Manager,Ahmedabad,Telecom,497492,Married
Vanya Bose,51,Male,Master,29,Software Engineer,Delhi,IT,1325889,Single
Mohanlal Bhat,24,Other,Diploma,1,Data Scientist,Ahmedabad,Manufacturing,209683,Married
Indrajit Chadha,25,Female,Master,0,DevOps Engineer,Chennai,IT,611094,Married
Zara Sachdeva,55,Other,Bachelor,22,Data Analyst,Hyderabad,Education,874202,Single
Umang Kari,55,Male,Bachelor,17,Frontend Developer,Delhi,Manufacturing,854973,Single
Jiya Buch,25,Male,Bachelor,2,DevOps Engineer,Pune,Education,427500,Married
Zain Chatterjee,51,Other,Diploma,27,UI/UX Designer,Bangalore,Finance,882875,Single
Dhanush Dugal,56,Other,Diploma,12,Frontend Developer,Hyderabad,Manufacturing,455781,Single
Keya Khare,27,Female,Master,5,Data Scientist,Kolkata,Healthcare,768380,Married
Biju Trivedi,58,Other,Bachelor,8,ML Engineer,Delhi,IT,666464,Married
Fateh Varghese,35,Other,Bachelor,2,Backend Developer,Mumbai,Finance,497031,Single
Samarth D’Alia,25,Male,Bachelor,0,Web Developer,Hyderabad,IT,381202,Married
Farhan Bal,30,Male,PhD,1,UI/UX Designer,Pune,Manufacturing,844560,Married
Ishita Batta,46,Other,Diploma,7,DevOps Engineer,Ahmedabad,IT,415664,Married
Armaan Sarna,51,Female,Master,21,Backend Developer,Hyderabad,Finance,1181804,Single
Baiju Devan,49,Other,Bachelor,10,Data Scientist,Delhi,Education,708441,Single
Anaya Lalla,41,Male,Diploma,9,Web Developer,Bangalore,Retail,343377,Single
Dishani Atwal,50,Male,Bachelor,10,Data Analyst,Hyderabad,Healthcare,570527,Married
Ishita Bhasin,52,Other,Master,0,HR Manager,Ahmedabad,Retail,573120,Single
Aradhya Biswas,55,Other,PhD,5,Data Analyst,Pune,Education,943493,Single
Armaan Wagle,28,Other,Bachelor,1,Project Manager,Pune,Education,481413,Single
Divij Ranganathan,50,Male,Master,1,Data Scientist,Hyderabad,Manufacturing,636502,Married
Armaan Ghose,57,Male,Bachelor,2,DevOps Engineer,Mumbai,Telecom,432207,Single
Miraan Basu,50,Other,Master,8,Web Developer,Kolkata,Manufacturing,778217,Single
Ryan Dhaliwal,45,Female,Bachelor,16,Business Analyst,Delhi,Healthcare,783875,Married
Armaan Anand,27,Male,Master,2,UI/UX Designer,Bangalore,IT,691606,Single
Manjari Kari,60,Male,Bachelor,39,Data Analyst,Ahmedabad,Education,1216698,Married
Siya Luthra,44,Male,Bachelor,8,DevOps Engineer,Ahmedabad,Manufacturing,610407,Single
Nehmat Upadhyay,28,Other,Diploma,6,Web Developer,Mumbai,Manufacturing,339724,Single
Ayesha Dixit,29,Male,Master,8,Software Engineer,Mumbai,Manufacturing,764083,Single
Baiju Swaminathan,30,Male,Bachelor,3,Web Developer,Delhi,Retail,441383,Single
Jivin Bassi,42,Male,Bachelor,6,UI/UX Designer,Bangalore,IT,549123,Married
Nakul Khalsa,59,Female,Bachelor,22,Project Manager,Chennai,Healthcare,1147405,Married
Dhanuk Seshadri,42,Male,Master,19,ML Engineer,Mumbai,IT,1212157,Single
Myra Kaul,46,Other,Bachelor,22,HR Manager,Bangalore,Retail,878849,Single
Samiha Dube,52,Male,Master,0,Business Analyst,Hyderabad,IT,614810,Married
Dhanuk Bera,49,Male,Bachelor,15,Frontend Developer,Hyderabad,Manufacturing,795668,Married
Anika Desai,43,Other,Bachelor,14,Data Analyst,Kolkata,Education,739529,Single
Anaya Srinivasan,26,Female,Bachelor,0,Data Analyst,Bangalore,Retail,432413,Single
Samiha Balan,27,Other,Master,0,Web Developer,Pune,Education,634828,Married
Prisha Sidhu,54,Female,Diploma,11,Project Manager,Bangalore,Retail,582171,Single
Ishaan Krishnamurthy,36,Other,Bachelor,5,Backend Developer,Chennai,Manufacturing,492961,Married
Jivin Doctor,29,Other,Master,0,Frontend Developer,Hyderabad,Healthcare,554321,Married
Vihaan Bains,38,Male,Bachelor,4,Software Engineer,Kolkata,IT,485748,Married
Aniruddh Vaidya,22,Female,Bachelor,1,Software Engineer,Chennai,Finance,386780,Married
Rhea Loke,26,Female,Master,5,Data Analyst,Mumbai,Education,696025,Single
Aaina Barad,32,Male,Bachelor,1,Business Analyst,Kolkata,Education,439076,Married
Mamooty Bhakta,34,Female,Master,7,Software Engineer,Delhi,Manufacturing,731811,Single
Aaryahi Chokshi,52,Male,PhD,7,Web Developer,Kolkata,IT,903995,Married
Ranbir Rajagopalan,22,Other,Bachelor,1,Software Engineer,Ahmedabad,Healthcare,455503,Married
Yuvraj  Sarkar,32,Female,Master,9,Web Developer,Bangalore,IT,813271,Married
Kartik Balasubramanian,28,Female,Bachelor,7,Frontend Developer,Kolkata,IT,609904,Single
Indrajit Bajaj,21,Male,Bachelor,0,Data Scientist,Chennai,Finance,448742,Married
Lakshay Bawa,48,Female,Bachelor,14,Software Engineer,Chennai,Telecom,689966,Married
Urvi Khare,38,Female,Bachelor,12,Project Manager,Delhi,Retail,802462,Married
Amira Tailor,32,Other,Bachelor,8,Frontend Developer,Bangalore,Retail,581327,Single
Yashvi Shan,42,Other,Bachelor,8,ML Engineer,Pune,Healthcare,606183,Married
Indrajit Halder,46,Other,Diploma,7,Frontend Developer,Ahmedabad,Healthcare,321627,Single
Himmat Bhardwaj,35,Male,Bachelor,12,UI/UX Designer,Kolkata,Telecom,683816,Single
Zoya Hans,29,Male,Master,6,ML Engineer,Mumbai,Finance,825522,Married
Vardaniya Kala,36,Male,Master,15,Backend Developer,Ahmedabad,Manufacturing,1010583,Single
Jivika Sule,26,Female,Diploma,1,Web Developer,Mumbai,Retail,262528,Married
Jayesh Halder,26,Female,Master,5,Software Engineer,Bangalore,Telecom,743496,Single
Zoya Krish,59,Other,PhD,27,ML Engineer,Ahmedabad,Telecom,1642770,Married
Anay Solanki,58,Male,Bachelor,8,DevOps Engineer,Ahmedabad,Healthcare,581390,Married
Arhaan Saraf,25,Female,Bachelor,0,Software Engineer,Mumbai,Retail,444520,Single
Manjari De,44,Male,Bachelor,19,Data Analyst,Kolkata,Healthcare,849990,Single
Ishaan Ahuja,35,Female,Master,13,Web Developer,Delhi,IT,902624,Married
Trisha Kalita,49,Male,Bachelor,18,Software Engineer,Ahmedabad,Healthcare,811360,Single
Adah Lala,36,Female,Bachelor,5,Backend Developer,Hyderabad,Retail,527688,Single
Yuvaan Kunda,56,Other,Bachelor,11,HR Manager,Chennai,Healthcare,671133,Married
Ishaan Bhalla,46,Male,Master,12,DevOps Engineer,Pune,IT,945630,Single
Tanya Taneja,33,Female,Diploma,6,Frontend Developer,Chennai,Telecom,347052,Married
Biju Mann,39,Other,Bachelor,17,ML Engineer,Kolkata,Education,984824,Married
Kiaan Lal,23,Male,PhD,2,ML Engineer,Ahmedabad,Retail,891050,Single
Ehsaan Chaudhuri,31,Other,Bachelor,6,Web Developer,Bangalore,Manufacturing,477257,Single
Hrishita Raval,51,Other,Bachelor,25,DevOps Engineer,Hyderabad,Healthcare,1124069,Single
Dishani Hari,42,Male,Master,16,ML Engineer,Ahmedabad,Finance,1102189,Single
Vidur Sagar,39,Male,Bachelor,16,DevOps Engineer,Kolkata,Finance,894176,Single
Ela Bir,36,Other,Bachelor,1,Data Scientist,Mumbai,Telecom,383431,Single
Aaryahi Chad,29,Female,PhD,5,DevOps Engineer,Ahmedabad,IT,957406,Married
Aaina Goswami,41,Female,Bachelor,4,HR Manager,Mumbai,IT,481904,Single
Tarini Dora,34,Female,Bachelor,11,Web Developer,Hyderabad,Manufacturing,590915,Single
Trisha Chada,52,Other,PhD,3,Frontend Developer,Mumbai,Telecom,843793,Married
Seher Kapoor,42,Female,Master,12,Frontend Developer,Mumbai,Retail,853113,Married
Kaira Warrior,47,Male,Bachelor,7,Software Engineer,Kolkata,Finance,547361,Single
Tanya Thakur,56,Female,Bachelor,11,DevOps Engineer,Pune,Manufacturing,720795,Single
Adah Brar,33,Male,Bachelor,11,Web Developer,Hyderabad,Education,622525,Married
Anahi Chauhan,22,Male,Diploma,0,Project Manager,Hyderabad,Manufacturing,200137,Single
Shanaya Sibal,57,Other,Diploma,5,UI/UX Designer,Chennai,Education,318054,Married
Alisha Bassi,40,Female,Bachelor,11,Business Analyst,Ahmedabad,Telecom,687177,Married
Nitya Kala,22,Male,Master,0,Software Engineer,Chennai,Manufacturing,619752,Single
Rasha Deshmukh,21,Male,PhD,0,Frontend Developer,Delhi,Education,814070,Single
Lakshay Kar,54,Other,Bachelor,17,UI/UX Designer,Kolkata,Healthcare,761397,Married
Oorja Shetty,41,Male,Master,14,Project Manager,Pune,Finance,1116867,Married
Kabir Sharaf,42,Male,Bachelor,11,UI/UX Designer,Pune,IT,614212,Single
Alia Choudhary,54,Other,Master,28,ML Engineer,Ahmedabad,Retail,1516283,Single
Khushi Zacharia,53,Other,Master,32,Data Analyst,Ahmedabad,Telecom,1258597,Single
Adah Devi,26,Female,Diploma,5,Frontend Developer,Pune,Telecom,309403,Married
Lavanya Shroff,32,Female,Master,9,Project Manager,Delhi,Retail,935813,Single
Umang Ramanathan,39,Female,Bachelor,7,Data Analyst,Hyderabad,Manufacturing,529658,Single
Rhea Rattan,60,Other,Master,37,Backend Developer,Mumbai,Healthcare,1521637,Married
Aaina Krishnan,51,Male,Bachelor,28,Business Analyst,Ahmedabad,Manufacturing,1110282,Married
Anaya Chauhan,28,Male,Master,1,Web Developer,Delhi,Education,648811,Single
Kaira Sinha,26,Male,Master,2,Frontend Developer,Hyderabad,Manufacturing,607396,Single
Chirag Basak,43,Male,Master,10,HR Manager,Pune,IT,813770,Married
Romil Dhar,50,Female,Bachelor,21,HR Manager,Delhi,Healthcare,823998,Single
Jayant Grewal,53,Male,Master,29,UI/UX Designer,Hyderabad,Education,1284315,Married
Faiyaz Mann,50,Other,Bachelor,16,ML Engineer,Hyderabad,Healthcare,881100,Married
Tejas Barad,56,Other,Bachelor,32,DevOps Engineer,Pune,Finance,1264735,Single
Madhup Ratti,35,Other,Master,10,UI/UX Designer,Mumbai,Telecom,842000,Married
Krish Varughese,51,Other,Master,10,Business Analyst,Chennai,IT,840285,Married
Mannat Apte,21,Other,Master,0,DevOps Engineer,Bangalore,Retail,592118,Married
Ivan Gill,23,Other,Bachelor,1,Business Analyst,Pune,Manufacturing,430176,Single
Shamik Edwin,27,Male,Bachelor,3,Data Analyst,Pune,Education,454769,Single
Vidur Thaman,25,Male,Bachelor,2,Software Engineer,Mumbai,IT,405382,Married
Aarna Salvi,36,Female,Bachelor,12,Web Developer,Chennai,IT,626537,Single
Myra Balay,29,Male,Bachelor,0,Frontend Developer,Delhi,Retail,385687,Married
Kimaya Kannan,45,Other,Diploma,14,DevOps Engineer,Kolkata,Healthcare,545827,Married
Charvi Batra,21,Female,Master,0,ML Engineer,Kolkata,Healthcare,585108,Married
Saanvi Chandran,37,Male,Bachelor,8,Data Scientist,Pune,Retail,681830,Married
Aradhya Balay,43,Male,Master,19,Web Developer,Chennai,Retail,1009193,Married
Tushar Sarin,54,Female,Master,17,Data Analyst,Ahmedabad,Retail,957681,Single
Anay Toor,51,Male,Master,23,Software Engineer,Hyderabad,Finance,1135252,Single
Nitara Sami,58,Male,PhD,32,Backend Developer,Delhi,Education,1671236,Single
Chirag Dugar,41,Male,Bachelor,7,Software Engineer,Chennai,Telecom,526310,Single
Suhana Golla,32,Male,Bachelor,10,Business Analyst,Mumbai,Telecom,617182,Married
Ojas Acharya,33,Female,Bachelor,12,Backend Developer,Pune,Telecom,680322,Married
Tanya Dhar,57,Other,PhD,13,Frontend Developer,Chennai,Retail,1155826,Married
Badal Baral,46,Male,Bachelor,6,UI/UX Designer,Hyderabad,Education,512826,Married
Rati Aggarwal,50,Male,Bachelor,5,Software Engineer,Pune,Retail,492168,Single
Ayesha Char,38,Male,Master,3,ML Engineer,Delhi,Education,658391,Married
Ehsaan Sinha,49,Female,Bachelor,27,HR Manager,Kolkata,Education,976731,Married
Shalv Karnik,45,Male,Bachelor,8,Data Scientist,Hyderabad,Manufacturing,622099,Single
Kabir Kant,25,Female,Bachelor,1,Software Engineer,Ahmedabad,IT,442405,Single
Anaya Vasa,46,Male,Master,7,Software Engineer,Kolkata,Telecom,743055,Single
Hansh Bhatia,31,Female,PhD,8,Business Analyst,Delhi,Manufacturing,1025663,Married
Siya Subramaniam,35,Other,Master,0,Business Analyst,Kolkata,Manufacturing,637328,Single
Sahil Balasubramanian,26,Female,Master,0,Web Developer,Pune,Telecom,642982,Single
Suhana Joshi,39,Other,Master,9,Project Manager,Delhi,Telecom,949453,Single
